,baseMean,log2FoldChange,lfcSE,stat,pvalue,padj
concoct_megahit_6_100_1,2.13802058081164,4.40243246157869,2.25855295706452,1.69021162405697,0.0909874753238771,1
concoct_megahit_6_102_10,0.207476934385462,1.43824336818145,4.38774350905377,0.194460630258092,0.845815219766999,1
concoct_megahit_6_103_6,5.68256092607045,0.94814370619709,1.54976975382245,0.234321069501717,0.814735730090766,1
concoct_megahit_6_104_1,1.10350997129933,-1.67906679425742,2.93787165385634,-0.37240115401955,0.709594194831393,1
concoct_megahit_6_104_4,0.671004413346906,3.1302989565566,4.34661148309308,0.585582347641835,0.558156213696276,1
concoct_megahit_6_106_3,21.1389659379586,1.55615291215983,0.90382877387617,1.07448771297127,0.28260414882503,1
concoct_megahit_6_106_4,5.32946969213917,0.426518601726161,1.39987707120263,0,1,1
concoct_megahit_6_106_5,2.28279287316087,-0.612223597362219,1.79490535832979,-0.01516714919585,0.987898829790752,1
concoct_megahit_6_106_6,0.61466698055309,1.06140073994096,3.58010049526962,0.13306909696262,0.894138734810995,1
concoct_megahit_6_106_7,0.843036113604276,-1.02464814640773,3.31445004396906,-0.132645881088994,0.894473445141342,1
concoct_megahit_6_106_8,0.871596581337862,1.05461652611549,3.06070007313432,0.15343434995072,0.878055758241057,1
concoct_megahit_6_108_3,0.611353252805506,-3.80591263026824,4.09022482480466,-0.787465914033725,0.43100917444155,1
concoct_megahit_6_109_5,0.727793391675757,0.578297840297719,3.75720550115372,0,1,1
concoct_megahit_6_10_1,0.290798977215305,-0.424356390100002,4.4388346026725,0,1,1
concoct_megahit_6_10_12,2.51707925658188,-4.78119652376632,2.33741448986377,-1.79522996112293,0.0726170687480238,1
concoct_megahit_6_10_2,6.85131433636353,-0.993246851665596,1.59545959352149,-0.255880407954748,0.798043183304581,1
concoct_megahit_6_10_8,0.223668137782302,1.54205395919757,4.38362601818832,0.218324728256153,0.827176108783496,1
concoct_megahit_6_110_2,0.290798977215305,-0.424356390100002,4.4388346026725,0,1,1
concoct_megahit_6_110_3,0.506322443381259,-1.50631559721161,4.27157958754637,-0.215684989201108,0.829233302716612,1
concoct_megahit_6_110_5,0.306618852181832,-1.44568235412499,4.54758153964447,-0.189261555097323,0.849887825318134,1
concoct_megahit_6_111_3,0.575107432893352,-4.34375492984645,4.47651534304922,-0.839660906263339,0.401098539258137,1
concoct_megahit_6_112_3,1.27433435207618,-0.602976685978746,2.65512234343103,-0.00677056785093979,0.994597909716398,1
concoct_megahit_6_113_1,1.09417064378482,-1.73949221218102,3.10594843225868,-0.371703599515805,0.71011354471033,1
concoct_megahit_6_113_2,0.689558220830427,1.86352635854245,3.79900070449433,0.336542806383246,0.736461577232076,1
concoct_megahit_6_115_1,0.295024198181354,1.94890800555231,4.37003587958574,0.312104532579171,0.754961081974925,1
concoct_megahit_6_115_2,0.523796468426877,-2.28906097942167,3.99414425955245,-0.42663981786492,0.669641691170858,1
concoct_megahit_6_116_5,0.677156519484005,-2.97018747434408,4.02593508244963,-0.592455522877628,0.553545595730802,1
concoct_megahit_6_117_2,1.1174453947077,-4.86330395712755,3.31551941066798,-1.29038724471397,0.196916238575016,1
concoct_megahit_6_117_6,0.77445370980056,-1.45526119545722,3.89035686337053,-0.223697009302958,0.82299307321409,1
concoct_megahit_6_117_8,0.36065143506925,-2.97018256781639,4.56215292159078,-0.522819512806839,0.601099859390447,1
concoct_megahit_6_118_11,0.199390853269781,-0.483887532159875,4.54758081829952,0,1,1
concoct_megahit_6_118_14,0.685057050226346,-4.42852127909423,3.88721068614317,-0.988760730874537,0.322780221429803,1
concoct_megahit_6_118_6,0.199390853269781,-0.483887532159875,4.54758081829952,0,1,1
concoct_megahit_6_118_8,0.485583760505986,-2.15686432796082,4.45122232012327,-0.353130941326985,0.72399027743627,1
concoct_megahit_6_11_1,0.481709958014652,0,4.56215292158831,0,1,1
concoct_megahit_6_11_2,0.215210728236308,0,4.56215292159048,0,1,1
concoct_megahit_6_120_1,3.15171260248945,0.841800073087677,1.96913756757862,0.13041245940143,0.896240109596938,1
concoct_megahit_6_120_7,2.44016163653528,-0.336072701876356,2.26281260783946,0,1,1
concoct_megahit_6_121_5,9.07062356574798,-1.57264980880397,1.2341304442067,-0.800279916470936,0.423548636451953,1
concoct_megahit_6_126_6,0.505615914096861,0.333193346408361,4.297817222237,0,1,1
concoct_megahit_6_129_3,2.02216614264663,-1.95318389991252,2.19168568032028,-0.624261002477593,0.532456190364902,1
concoct_megahit_6_131_3,0.507976593460349,-1.25932301448762,4.26279217793945,-0.158188104495765,0.874308576972158,1
concoct_megahit_6_131_4,0.798931545799041,0.137568006587472,3.89568195278282,0,1,1
concoct_megahit_6_132_1,0.374856709291876,1.98657112761996,4.3689588986888,0.320802085833446,0.748360378611689,1
concoct_megahit_6_136_2,0.931825091945129,-3.6907369575859,3.87688565417095,-0.801090678092243,0.423079152440343,1
concoct_megahit_6_136_3,0.42966672606041,-3.67943502047381,4.54038956943968,-0.68153513550946,0.495532942427965,1
concoct_megahit_6_137_1,0.740465873359412,2.19863676506434,3.6772719271545,0.438813554458287,0.660796638086533,1
concoct_megahit_6_137_2,44.6921207088951,-1.05810624688266,0.933516413004471,-0.506800137942932,0.612295059549174,1
concoct_megahit_6_137_3,3.1342596145745,-1.16101576068772,1.53682913366974,-0.374807939326523,0.707803309277101,1
concoct_megahit_6_138_1,0.378346241011196,0.4218911594635,4.39002770833022,0,1,1
concoct_megahit_6_139_8,0.327044797127459,0.53743737816999,4.43883316108644,0,1,1
concoct_megahit_6_141_2,2.32426600407798,0.900461942673911,1.97718541687569,0.159551016298916,0.873234767858748,1
concoct_megahit_6_143_11,0.167751103336727,1.12543749605034,4.40207138403083,0.122768907839809,0.902290095915824,1
concoct_megahit_6_143_16,0.290798977215305,-0.424356390100002,4.4388346026725,0,1,1
concoct_megahit_6_143_2,0.311224922160932,1.12543980973873,4.40207069695176,0.122769452592608,0.902289664529246,1
concoct_megahit_6_143_3,0.167751103336727,1.12543749605034,4.40207138403083,0.122768907839809,0.902290095915824,1
concoct_megahit_6_144_10,0.452059559014774,-2.27941451416929,4.5148894808275,-0.375294793231291,0.707441238046146,1
concoct_megahit_6_145_1,1.17275190146612,0.575705044281222,3.25698745361877,0,1,1
concoct_megahit_6_145_3,0.167751103336727,1.12543749605034,4.40207138403083,0.122768907839809,0.902290095915824,1
concoct_megahit_6_146_10,0.934108861952561,1.13017942231331,3.20647629785867,0.170024466632542,0.864990895199662,1
concoct_megahit_6_146_8,0.191295251571361,-0.597936338549314,4.55592240447455,-0.00283945541667008,0.997734445406293,1
concoct_megahit_6_146_9,1.25141377737155,0.0912140578533293,2.75880005600339,0,1,1
concoct_megahit_6_150_1,0.708496299085961,-1.55729063093296,3.65536055960775,-0.265990348989621,0.790246641762461,1
concoct_megahit_6_150_10,0.36065143506925,-2.97018256781639,4.56215292159078,-0.522819512806839,0.601099859390447,1
concoct_megahit_6_150_14,0.704200173523195,-1.41467095382739,3.5292617143412,-0.235083431318232,0.814143978273665,1
concoct_megahit_6_151_1,0.485583760505986,-2.15686432796082,4.45122232012327,-0.353130941326985,0.72399027743627,1
concoct_megahit_6_152_4,0.458550080552031,0.90316124843486,4.37253877436717,0.0727635053347027,0.941994312467311,1
concoct_megahit_6_153_1,0.334769070395566,-0.597935911338183,4.55592199165849,-0.00283936190344505,0.997734520018751,1
concoct_megahit_6_153_4,0.370250639312776,0.365409062600945,4.39248363103083,0,1,1
concoct_megahit_6_157_1,0.223668137782302,1.54205395919757,4.38362601818832,0.218324728256153,0.827176108783496,1
concoct_megahit_6_157_2,0.375228037722189,2.29198281680558,4.36118384634573,0.391403544759039,0.695498972563038,1
concoct_megahit_6_157_4,0.239488012748829,1.12543845747198,4.40207097204609,0.122769137731731,0.902289913865743,1
concoct_megahit_6_157_5,0.239488012748829,1.12543845747198,4.40207097204609,0.122769137731731,0.902289913865743,1
concoct_megahit_6_157_6,8.38307892862776,0.515257059210357,1.12808174305378,0,1,1
concoct_megahit_6_15_15,1.36458842716023,-2.93578710039979,3.23300782285975,-0.727120758501723,0.467151983279196,1
concoct_megahit_6_160_3,0.506092141902192,-3.92087327351547,4.52018534684117,-0.737994798343096,0.460517610058528,1
concoct_megahit_6_163_3,0.167751103336727,1.12543749605034,4.40207138403083,0.122768907839809,0.902290095915824,1
concoct_megahit_6_164_1,0.721220433687921,-0.427937234602183,3.82287035600787,0,1,1
concoct_megahit_6_164_2,1.44965610887438,-0.450832112288014,2.3353249678232,0,1,1
concoct_megahit_6_164_3,1.44700543326503,3.14694961051142,2.66326247808153,0.961959112778443,0.336070142902199,1
concoct_megahit_6_164_4,6.31621424702125,0.584674028534293,1.50661871817613,0,1,1
concoct_megahit_6_164_5,0.518701856546394,2.29182363504819,4.15297822865588,0.410987860054495,0.681081436487997,1
concoct_megahit_6_164_6,0.342864672093986,-0.483879450186496,4.5475798897351,0,1,1
concoct_megahit_6_165_4,0.167751103336727,1.12543749605034,4.40207138403083,0.122768907839809,0.902290095915824,1
concoct_megahit_6_165_5,0.450060687498859,1.73843959994479,4.37659281394239,0.263547386969678,0.79212870451673,1
concoct_megahit_6_165_6,0.522169100084428,1.82367348928064,4.2000598256408,0.294918058480669,0.768056476500057,1
concoct_megahit_6_165_9,0.279585172227878,1.86494993499228,4.37253877436984,0.292724662041846,0.769732617615184,1
concoct_megahit_6_166_4,0.664548668830139,-2.74407301485292,3.96741478324336,-0.544201484546539,0.586302830369062,1
concoct_megahit_6_167_4,29.9252624063601,1.12874373694958,0.88638016046285,0.613443036299058,0.539583437150182,1
concoct_megahit_6_168_5,0.199390853269781,-0.483887532159875,4.54758081829952,0,1,1
concoct_megahit_6_168_9,0.432388344481353,-2.97018119675315,4.56215292159047,-0.522819212277,0.601100068547548,1
concoct_megahit_6_169_18,0.386048051354864,1.3272028625435,4.3924829597765,0.168971142139903,0.865819340220201,1
concoct_megahit_6_170_13,0.207476934385462,1.43824336818145,4.38774350905377,0.194460630258092,0.845815219766999,1
concoct_megahit_6_170_2,0.633644608143814,1.60964649532022,3.80687184775259,0.269157076019022,0.78780881009023,1
concoct_megahit_6_170_3,3.08235344354566,0.0215513438871513,1.86337817590173,0,1,1
concoct_megahit_6_170_4,1.1721090080113,-0.912634326376536,2.70984091533074,-0.120905372903246,0.903765986432894,1
concoct_megahit_6_170_6,1.38957614448173,1.05779003600147,2.58515309997229,0.182886667720585,0.854886944082185,1
concoct_megahit_6_170_8,0.290798977215305,-0.424356390100002,4.4388346026725,0,1,1
concoct_megahit_6_171_2,0.447336275564604,2.54450311760964,4.35588026071274,0.449852383520068,0.652816883553019,1
concoct_megahit_6_171_3,0.780607958687339,0.508271463527313,3.27345603545533,0,1,1
concoct_megahit_6_171_4,0.167751103336727,1.12543749605034,4.40207138403083,0.122768907839809,0.902290095915824,1
concoct_megahit_6_171_7,0.290798977215305,-0.424356390100002,4.4388346026725,0,1,1
concoct_megahit_6_174_3,1.03177306188723,-1.67820349840589,2.99127725206374,-0.365463782286203,0.714765237381528,1
concoct_megahit_6_177_4,0.763681066043771,-3.25781860851639,4.06891046874407,-0.656888036502164,0.511252911258256,1
concoct_megahit_6_179_5,0.159655501638307,1.05791544761399,4.40558595563674,0.107344505901403,0.914515677890648,1
concoct_megahit_6_179_7,0.263393968831038,1.78176043126044,4.37516505295494,0.273534921945896,0.784442051671466,1
concoct_megahit_6_179_8,0.223668137782302,1.54205395919757,4.38362601818832,0.218324728256153,0.827176108783496,1
concoct_megahit_6_179_9,0.362513598446121,0.537435912883958,4.43883356824698,0,1,1
concoct_megahit_6_17_2,0.287309445495985,1.49100188622704,4.38561412704606,0.206584952524602,0.836334012912738,1
concoct_megahit_6_17_3,0.525287303373435,-0.628526937629635,4.28495634679644,-0.0101580819282272,0.991895162647477,1
concoct_megahit_6_17_4,0.34322647994156,1.82391467286603,4.37381530774293,0.283257198966035,0.776979684468653,1
concoct_megahit_6_17_5,0.530264527039695,2.12864059080363,4.36513873946107,0.35362921614588,0.723616776067879,1
concoct_megahit_6_17_6,4.25855831969904,1.62092832380872,1.58678341684307,0.652847964512836,0.513854298145115,1
concoct_megahit_6_17_8,2.35303716761485,1.20752141016021,2.01427302495263,0.309055129294029,0.75727959097999,1
concoct_megahit_6_180_10,0.440845754027347,0.580265272640977,4.38362601818497,0,1,1
concoct_megahit_6_181_6,0.504125253893455,-2.97018004911461,4.56215292159002,-0.522818960720702,0.601100243620992,1
concoct_megahit_6_182_4,1.9249434534289,-2.91546424994285,2.14565976869614,-1.08612944323368,0.277421727636217,1
concoct_megahit_6_182_6,0.821912985213835,-2.97019065441203,3.72110450038793,-0.640989967941876,0.521529200893283,1
concoct_megahit_6_183_3,0.271127762681883,-0.483883411946689,4.54758033259557,0,1,1
concoct_megahit_6_189_1,0.398762665374085,2.3824831013807,4.35917634590322,0.412344663016439,0.680086816764886,1
concoct_megahit_6_189_2,3.74200605204088,5.34205736235009,2.09214436179087,2.27377108828095,0.0229797534263252,1
concoct_megahit_6_189_3,5.17625878895573,5.76062450203517,1.98733356001083,2.60430589317224,0.00920605511898605,1
concoct_megahit_6_189_4,0.569619029658118,1.98700857947198,3.68694823186391,0.38026261593676,0.70375048303319,1
concoct_megahit_6_18_2,0.199381332687042,1.38367984602003,4.39002770833395,0.181930479505591,0.855637284457961,1
concoct_megahit_6_18_3,0.344831560102723,-1.44568235412499,4.54758153964447,-0.189261555097323,0.849887825318134,1
concoct_megahit_6_18_6,0.338226618607708,0.913947011566707,4.41364055114483,0.0745296332483132,0.940588962807058,1
concoct_megahit_6_193_12,0.167751103336727,1.12543749605034,4.40207138403083,0.122768907839809,0.902290095915824,1
concoct_megahit_6_193_13,0.695144008688382,-4.59349161237296,4.47854728548129,-0.895042824571225,0.370764195942211,1
concoct_megahit_6_194_1,0.290405185860553,0.332356158799577,4.4555050803771,0,1,1
concoct_megahit_6_194_12,0.536894724972461,-4.25536823373869,4.4971146088456,-0.81616070591558,0.41440822742959,1
concoct_megahit_6_195_3,0.290798977215305,-0.424356390100002,4.4388346026725,0,1,1
concoct_megahit_6_195_4,0.558759466690253,-0.425736753492757,4.16487816089218,0,1,1
concoct_megahit_6_195_8,2.13566762054183,-4.28544981725282,2.67129952689206,-1.38526203445187,0.165972358167375,1
concoct_megahit_6_197_3,0.167751103336727,1.12543749605034,4.40207138403083,0.122768907839809,0.902290095915824,1
concoct_megahit_6_198_9,0.763681066043771,-3.25781860851639,4.06891046874407,-0.656888036502164,0.511252911258256,1
concoct_megahit_6_199_5,0.21520120765357,0.913946047350457,4.41364077764099,0.0745294109608695,0.940589139674875,1
concoct_megahit_6_199_7,0.490272266935665,-2.39638277932108,4.50548009465333,-0.402039902799849,0.687654660052217,1
concoct_megahit_6_19_2,1.67335623016386,-0.848308752308679,2.46509330535599,-0.106814923287723,0.914935808138904,1
concoct_megahit_6_203_1,1.19508638446429,-5.13658270043051,3.21993041575056,-1.41356554730688,0.157489503054086,1
concoct_megahit_6_203_2,1.5874342759395,-2.86327530784126,3.18537384541148,-0.715230116905464,0.474466862216642,1
concoct_megahit_6_206_23,0.167751103336727,1.12543749605034,4.40207138403083,0.122768907839809,0.902290095915824,1
concoct_megahit_6_208_2,0.311224922160932,1.12543980973873,4.40207069695176,0.122769452592608,0.902289664529246,1
concoct_megahit_6_208_4,2.21789849379152,0.0509147805291307,1.99041713778402,0,1,1
concoct_megahit_6_208_6,1.06320457083887,0.371462427664836,3.14278772009649,0,1,1
concoct_megahit_6_208_9,0.151559899939887,0.987490642318723,4.40942782595014,0.0912795623844902,0.927270457040018,1
concoct_megahit_6_209_1,0.279213843797565,1.43824559366296,4.38774312431352,0.194461154513563,0.845814809306279,1
concoct_megahit_6_211_10,0.239488012748829,1.12543845747198,4.40207097204609,0.122769137731731,0.902289913865743,1
concoct_megahit_6_211_6,1.96292585987073,-4.47033892841879,2.62154135500492,-1.48208187561149,0.138318510716075,1
concoct_megahit_6_212_8,1.13983822766206,-3.41429597191264,3.34712382451672,-0.84529169527248,0.397947996691732,1
concoct_megahit_6_213_4,0.617926210793343,-1.37562295959174,3.99439492994395,-0.197933097116874,0.843097408673443,1
concoct_megahit_6_215_6,0.589644486211101,-4.37556388406312,4.43500710128277,-0.854691728219951,0.392721831036233,1
concoct_megahit_6_215_7,0.394175636560462,-2.97018119675315,4.56215292159047,-0.522819212277,0.601100068547548,1
concoct_megahit_6_215_8,2.49251192288302,-0.74615436744042,1.74693557743139,-0.0922497483721602,0.926499613034622,1
concoct_megahit_6_217_2,0.506092141902192,-3.92087327351547,4.52018534684117,-0.737994798343096,0.460517610058528,1
concoct_megahit_6_218_2,0.367132436023769,2.26132680625137,4.3618926946587,0.384311793892614,0.700747367691252,1
concoct_megahit_6_218_3,0.441974781126331,-0.597935719387826,4.55592180587817,-0.00283931988717095,0.997734553542752,1
concoct_megahit_6_218_4,0.239116684318517,0.332356595521655,4.45550494103728,0,1,1
concoct_megahit_6_218_6,1.61633852559282,1.7792963116343,2.62816202123422,0.45442263528085,0.64952466363439,1
concoct_megahit_6_219_3,0.239107163735778,1.64802577569882,4.3797137975229,0.242715808576362,0.808225560125517,1
concoct_megahit_6_21_8,0.215572536083882,1.49100095352369,4.38561444692278,0.206584724783411,0.836334190787525,1
concoct_megahit_6_222_1,0.199390853269781,-0.483887532159875,4.54758081829952,0,1,1
concoct_megahit_6_223_4,15.3504343475514,-0.0184903202781935,1.29863471754841,0,1,1
concoct_megahit_6_224_12,0.143464298241467,0.913943662809243,4.41364133695965,0.0745288612499349,0.940589577064294,1
concoct_megahit_6_224_14,0.175475376604834,0.437875714230708,4.44663973049385,0,1,1
concoct_megahit_6_224_6,0.306618852181832,-1.44568235412499,4.54758153964447,-0.189261555097323,0.849887825318134,1
concoct_megahit_6_226_3,1.13332928776429,0.0496159256615928,2.90159183115355,0,1,1
concoct_megahit_6_226_4,1.85961656462153,-2.97020066712974,2.82031268847115,-0.845722063684623,0.397707811725817,1
concoct_megahit_6_226_5,0.788306696758351,0,4.06427621985687,0,1,1
concoct_megahit_6_226_6,0.346322220306128,0.987494022695419,4.40942707668435,0.091280344519967,0.927269835580607,1
concoct_megahit_6_229_13,0.705368575214216,2.26083873086822,3.38281943356054,0.495397039003153,0.620319884433084,1
concoct_megahit_6_229_14,2.73180068649265,-1.0040496318342,2.27029608985815,-0.184579286246485,0.853559033943619,1
concoct_megahit_6_229_15,2.91679973270301,2.03548799122504,2.20744141349693,0.65709014171626,0.51112295736264,1
concoct_megahit_6_229_2,0.79031816112966,-4.34896450725375,3.71234895074945,-1.01390374590026,0.310628683786965,1
concoct_megahit_6_22_4,1.19447244045886,-1.81416547530477,2.89113422860169,-0.425149916300931,0.670727391676598,1
concoct_megahit_6_230_2,0.271127762681883,-0.483883411946689,4.54758033259557,0,1,1
concoct_megahit_6_230_6,0.4708709032165,2.62057576036789,4.35445501749643,0.467469695332444,0.640163868819918,1
concoct_megahit_6_233_6,0.271127762681883,-0.483883411946689,4.54758033259557,0,1,1
concoct_megahit_6_233_7,0.400748594548298,-0.424353858515177,4.43883386969062,0,1,1
concoct_megahit_6_236_3,1.74360976644122,-0.59887573742557,2.70539467122716,-0.00512891430338928,0.995907736405338,1
concoct_megahit_6_237_1,2.14869036535835,-1.94276388992724,2.282970214636,-0.594735700546021,0.552020154047383,1
concoct_megahit_6_237_3,0.704645828309188,-1.12506241551589,4.0794098394115,-0.13238738856251,0.894677889345471,1
concoct_megahit_6_237_4,0.343548738453945,-0.424356390100002,4.4388346026725,0,1,1
concoct_megahit_6_237_5,0.167751103336727,1.12543749605034,4.40207138403083,0.122768907839809,0.902290095915824,1
concoct_megahit_6_237_6,0.754072341217506,-4.73650326429166,4.0361368156656,-1.02858338403651,0.30367548927413,1
concoct_megahit_6_237_7,0.575107432893352,-4.34375492984645,4.47651534304922,-0.839660906263339,0.401098539258137,1
concoct_megahit_6_237_9,0.367132436023769,2.26132680625137,4.3618926946587,0.384311793892614,0.700747367691252,1
concoct_megahit_6_238_10,0.223668137782302,1.54205395919757,4.38362601818832,0.218324728256153,0.827176108783496,1
concoct_megahit_6_238_2,0.870096400551719,0.475967696549085,3.06549249877211,0,1,1
concoct_megahit_6_238_4,0.191285730988623,1.32719774915751,4.39248363103471,0.168969952195969,0.865820276200656,1
concoct_megahit_6_23_10,0.651532848735134,-4.50806804502971,4.48284311467153,-0.875129453491294,0.381503472755598,1
concoct_megahit_6_240_2,0.199390853269781,-0.483887532159875,4.54758081829952,0,1,1
concoct_megahit_6_240_5,0.215210728236308,0,4.56215292159048,0,1,1
concoct_megahit_6_240_6,1.2194567959535,-2.8834036394064,3.09608218407641,-0.742358730406903,0.457870016946255,1
concoct_megahit_6_241_14,0.506009705451613,-0.424911379631396,4.32127925885556,0,1,1
concoct_megahit_6_241_15,0.167751103336727,1.12543749605034,4.40207138403083,0.122768907839809,0.902290095915824,1
concoct_megahit_6_241_17,1.24995576469076,0.838475640555601,2.68748417031035,0.0943170729546398,0.924857288113848,1
concoct_megahit_6_241_2,0.384928719581771,0.163648809495174,4.40207138402631,0,1,1
concoct_megahit_6_241_6,0.664513891809649,1.58249066942338,4.1879404140838,0.238181676622922,0.811740188155806,1
concoct_megahit_6_242_2,2.91640584728382,0.703819143679968,1.66481521618945,0.0713707698755481,0.943102672528239,1
concoct_megahit_6_243_10,1.05206229869381,2.80225049714002,2.79185819595183,0.794184497033198,0.427088032358498,1
concoct_megahit_6_243_11,0.526787937662076,2.78232402845795,4.35166182543512,0.504939059284149,0.613601639185782,1
concoct_megahit_6_243_12,0.485561472324699,-1.44637947820689,4.48997032436675,-0.191845249740793,0.847863425062511,1
concoct_megahit_6_245_2,0.167751103336727,1.12543749605034,4.40207138403083,0.122768907839809,0.902290095915824,1
concoct_megahit_6_247_5,1.15762499063733,-5.24490862993762,3.54881790525449,-1.3130875560107,0.189153446547433,1
concoct_megahit_6_249_1,0.231392411050409,1.05791779779639,4.40558545030919,0.107345051669172,0.914515244932638,1
concoct_megahit_6_24_9,2.0372150678119,-1.86987124577552,2.25122156927083,-0.570744018853591,0.568173175363003,1
concoct_megahit_6_250_2,0.537617471877489,1.38457394563636,3.79493658474426,0.210694942532285,0.833125321297375,1
concoct_megahit_6_251_6,0.413846851093883,-2.15494452381758,4.52575006203455,-0.346891565441821,0.728672783471499,1
concoct_megahit_6_252_14,0.696121379476182,0,4.30603402618291,0,1,1
concoct_megahit_6_254_3,0.378355761593935,-1.44567621865908,4.54758081829053,-0.189260235947299,0.849888859164737,1
concoct_megahit_6_254_7,2.22905383047192,4.69242787089743,2.42850287171813,1.69134157456914,0.0907715840092444,1
concoct_megahit_6_259_1,0.199390853269781,-0.483887532159875,4.54758081829952,0,1,1
concoct_megahit_6_259_6,0.370237871714228,-0.597936031198343,4.55592210723584,-0.00283938814006451,0.997734499085041,1
concoct_megahit_6_25_8,0.467879433981301,-3.80406972260058,4.48808419052765,-0.717248069765403,0.473221043512881,1
concoct_megahit_6_262_10,0.592811759418037,-2.73120828544127,4.46698158326708,-0.480460518010815,0.630899970967839,1
concoct_megahit_6_262_5,0.575107432893352,-4.34375492984645,4.47651534304922,-0.839660906263339,0.401098539258137,1
concoct_megahit_6_263_14,0.303119799879774,1.98656904419689,4.36895915894642,0.320801589853929,0.748360754497863,1
concoct_megahit_6_264_1,1.77451438464624,0.650644210724874,2.51744774049091,0.0260756994749265,0.979196959480719,1
concoct_megahit_6_264_4,0.290798977215305,-0.424356390100002,4.4388346026725,0,1,1
concoct_megahit_6_266_10,1.765636576752,-1.13770766933929,2.12204041232456,-0.260460482340121,0.794508594110678,1
concoct_megahit_6_266_11,2.46128420792207,-2.48653176578712,2.10640110682432,-0.902739634738385,0.366664095665738,1
concoct_megahit_6_266_6,0.536894724972461,-4.25536823373869,4.4971146088456,-0.81616070591558,0.41440822742959,1
concoct_megahit_6_269_7,0.904119118029548,-2.26338271567144,3.38525332704335,-0.495792353932141,0.620040919990805,1
concoct_megahit_6_269_8,0.723269758147236,-4.50721416868376,4.16545110801714,-0.941606099069264,0.346394345990368,1
concoct_megahit_6_270_2,0.723269758147236,-4.50721416868376,4.16545110801714,-0.941606099069264,0.346394345990368,1
concoct_megahit_6_270_6,1.30846414950262,-5.51114982479695,3.04879845500356,-1.61576762042514,0.106144564702692,1
concoct_megahit_6_271_3,0.884447903496126,-2.92336610320347,3.35308789014359,-0.697376919369487,0.485566941910352,1
concoct_megahit_6_271_5,0.329011685136196,-0.424356390100002,4.4388346026725,0,1,1
concoct_megahit_6_272_10,0.752343864782735,-4.56067664300978,3.76812371491432,-1.05508124037275,0.291388170961753,1
concoct_megahit_6_272_7,0.595533377838979,-2.29260129858916,3.83835668448927,-0.444878222362592,0.656407761443866,1
concoct_megahit_6_274_3,0.271127762681883,-0.483883411946689,4.54758033259557,0,1,1
concoct_megahit_6_275_1,1.1673240617878,0.153383604763134,2.86983178222326,0,1,1
concoct_megahit_6_278_9,0.42966672606041,-3.67943502047381,4.54038956943968,-0.68153513550946,0.495532942427965,1
concoct_megahit_6_27_2,1.79527504691192,2.10228681631934,2.30145174591054,0.659273790560853,0.509719969648852,1
concoct_megahit_6_27_4,5.77532525403463,1.26151055347446,1.33242450623088,0.507728993508345,0.611643412418771,1
concoct_megahit_6_27_7,0.255307887715356,0.537436349567674,4.43883344690473,0,1,1
concoct_megahit_6_27_8,1.15429284452923,-1.33234372499512,2.75206158655651,-0.271557776412345,0.785962069243223,1
concoct_megahit_6_280_4,0.745580154651021,-0.786987646902162,3.72020460664885,-0.0542947682342967,0.956700317751202,1
concoct_megahit_6_281_7,0.745580154651021,-0.786987646902162,3.72020460664885,-0.0542947682342967,0.956700317751202,1
concoct_megahit_6_284_1,0.159655501638307,1.05791544761399,4.40558595563674,0.107344505901403,0.914515677890648,1
concoct_megahit_6_286_1,0.943333665493118,0.43687655245707,3.02622909584954,0,1,1
concoct_megahit_6_288_1,0.535166248537691,-4.00271509351525,4.51404938739456,-0.757128422887705,0.448972927206706,1
concoct_megahit_6_289_3,0.472485503960401,-0.424380451549094,4.43268589421558,0,1,1
concoct_megahit_6_28_14,1.07330901813844,-0.395748214489548,2.97257668050683,0,1,1
concoct_megahit_6_28_7,0.167751103336727,1.12543749605034,4.40207138403083,0.122768907839809,0.902290095915824,1
concoct_megahit_6_290_1,1.3026925835877,1.26878011881202,2.51216957483714,0.272187087074466,0.785478170171381,1
concoct_megahit_6_290_2,1.9506199853784,-5.98942539147282,2.58354735455757,-2.09186233104611,0.0364508326015163,1
concoct_megahit_6_291_11,0.183570978303254,0.53743482803933,4.43883386969703,0,1,1
concoct_megahit_6_292_1,0.215210728236308,0,4.56215292159048,0,1,1
concoct_megahit_6_29_1,1.20750807467661,2.96841468507142,2.8273340501007,0.842990125268903,0.399233966497086,1
concoct_megahit_6_29_2,0.827693702187766,-2.12677938105433,3.85760243420591,-0.399672959396529,0.68939741110901,1
concoct_megahit_6_30_5,0.306618852181832,-1.44568235412499,4.54758153964447,-0.189261555097323,0.849887825318134,1
concoct_megahit_6_31_1,2.54461168656701,1.59421674876918,2.0380823775349,0.495179566779753,0.620473372761575,1
concoct_megahit_6_33_1,4.2433793158169,-1.42084795782747,1.91935883730655,-0.435482902717883,0.663211946506952,1
concoct_megahit_6_33_2,2.20949340117927,0.913772547065977,2.06822349020593,0.158963742856069,0.873697439553205,1
concoct_megahit_6_33_3,1.76473598714175,-2.54096015120366,2.22485945963567,-0.879138744127217,0.379326052719793,1
concoct_megahit_6_33_4,2.47953660910855,-1.07119599654652,1.98994330855379,-0.244326556669529,0.806977917354641,1
concoct_megahit_6_33_5,0.683774228577568,-2.94611991758181,3.59101683786244,-0.657507336832002,0.510854754983189,1
concoct_megahit_6_34_2,0.239488012748829,1.12543845747198,4.40207097204609,0.122769137731731,0.902289913865743,1
concoct_megahit_6_36_10,0.215210728236308,0,4.56215292159048,0,1,1
concoct_megahit_6_36_13,0.322438727148359,-2.97018256781639,4.56215292159078,-0.522819512806839,0.601099859390447,1
concoct_megahit_6_37_1,0.394153348379175,0,4.56215292158937,0,1,1
concoct_megahit_6_37_2,4.39396326161175,-1.68243682235799,1.56855011111048,-0.699650469936876,0.48414561542188,1
concoct_megahit_6_37_3,5.84029877639819,-4.05578382314722,1.52951158002715,-2.26921055614735,0.02325552463451,1
concoct_megahit_6_38_2,0.52377418024559,-1.447921406383,4.37001714370834,-0.197464078058682,0.843464389526874,1
concoct_megahit_6_41_3,0.418059304461384,0.332357956295257,4.45550450687479,0,1,1
concoct_megahit_6_42_2,3.99403493851292,0.939045548968487,3.33296178313894,0.10622550512267,0.915403435267423,1
concoct_megahit_6_45_1,3.5234986403746,-2.65609888589354,1.54817272673784,-1.3377699077916,0.180971454236107,1
concoct_megahit_6_45_14,0.452059559014774,-2.27941451416929,4.5148894808275,-0.375294793231291,0.707441238046146,1
concoct_megahit_6_45_16,0.416568469514825,-1.44567621865908,4.54758081829053,-0.189260235947299,0.849888859164737,1
concoct_megahit_6_45_6,0.167751103336727,1.12543749605034,4.40207138403083,0.122768907839809,0.902290095915824,1
concoct_megahit_6_47_7,1.88814443055404,1.34277920973681,2.08967993653209,0.36262931776738,0.716881806524015,1
concoct_megahit_6_49_6,0.271127762681883,-0.483883411946689,4.54758033259557,0,1,1
concoct_megahit_6_50_2,0.766880918100485,-4.5906070917991,4.08164007058538,-0.981371954049985,0.32640935137127,1
concoct_megahit_6_51_11,0.72651057002698,0.901595165537915,3.75544524864446,0.0843029639833495,0.932815555875583,1
concoct_megahit_6_51_2,0.271127762681883,-0.483883411946689,4.54758033259557,0,1,1
concoct_megahit_6_54_4,0.255307887715356,0.537436349567674,4.43883344690473,0,1,1
concoct_megahit_6_58_1,0.303119799879774,1.98656904419689,4.36895915894642,0.320801589853929,0.748360754497863,1
concoct_megahit_6_58_2,0.143464298241467,0.913943662809243,4.41364133695965,0.0745288612499349,0.940589577064294,1
concoct_megahit_6_59_3,55.8666476321488,-0.12214336915913,0.751849332008173,0,1,1
concoct_megahit_6_61_2,0.311224922160932,1.12543980973873,4.40207069695176,0.122769452592608,0.902289664529246,1
concoct_megahit_6_62_10,0.167751103336727,1.12543749605034,4.40207138403083,0.122768907839809,0.902290095915824,1
concoct_megahit_6_65_4,3.19935816488323,-2.82828096465605,1.94648345107871,-1.15247882709347,0.249124365332545,1
concoct_megahit_6_66_2,0.522169100084428,1.82367348928064,4.2000598256408,0.294918058480669,0.768056476500057,1
concoct_megahit_6_67_2,0.505987242527173,1.12500974266753,4.27235448409974,0.126396286796253,0.899418241288297,1
concoct_megahit_6_72_3,0.701134008408582,0.860450840434607,3.49693446842397,0.078769231428792,0.937216177744599,1
concoct_megahit_6_72_7,0.54618930138124,-1.37504536576613,4.39569035363446,-0.179731805975119,0.857363122474581,1
concoct_megahit_6_76_1,0.290798977215305,-0.424356390100002,4.4388346026725,0,1,1
concoct_megahit_6_77_2,0.159655501638307,1.05791544761399,4.40558595563674,0.107344505901403,0.914515677890648,1
concoct_megahit_6_78_10,1.38600751409203,-1.78093558389437,2.57230651859892,-0.46492732310369,0.641983503043929,1
concoct_megahit_6_79_1,2.82189490641799,0.938262078581248,1.69997660163777,0.207804082856736,0.83538194454694,1
concoct_megahit_6_79_2,0.374856709291876,1.98657112761996,4.3689588986888,0.320802085833446,0.748360378611689,1
concoct_megahit_6_79_3,1.69227554601326,0.589165069388113,2.07821176415871,0.00200416024004116,0.998400912557594,1
concoct_megahit_6_79_4,0.329011685136196,-0.424356390100002,4.4388346026725,0,1,1
concoct_megahit_6_7_1,1.22927946359885,-2.32948305863124,2.90147504689302,-0.601240069425818,0.547680099805765,1
concoct_megahit_6_7_13,2.04736303047251,-2.39249224182982,2.43067508871906,-0.743617380298387,0.45710798543868,1
concoct_megahit_6_7_14,0.42617719434109,-0.524001255108102,4.22586288633368,0,1,1
concoct_megahit_6_7_4,0.384928719581771,0.163648809495174,4.40207138402631,0,1,1
concoct_megahit_6_7_5,0.42966672606041,-3.67943502047381,4.54038956943968,-0.68153513550946,0.495532942427965,1
concoct_megahit_6_80_5,0.664132414550948,-0.626528223122889,3.97068323069527,-0.010458709675417,0.991655309154465,1
concoct_megahit_6_81_2,0.924627499425754,-3.40720956048701,3.81290900952879,-0.740172281435004,0.459195464311074,1
concoct_megahit_6_82_10,0.48241648729905,-3.8478109913575,4.43827275215846,-0.735153329585412,0.462246118569534,1
concoct_megahit_6_82_2,0.806978077579533,-2.04683284205728,3.90725224783238,-0.374133214170716,0.70830520880498,1
concoct_megahit_6_83_3,0.507976593460349,-1.25932301448762,4.26279217793945,-0.158188104495765,0.874308576972158,1
concoct_megahit_6_85_1,0.327044797127459,0.53743737816999,4.43883316108644,0,1,1
concoct_megahit_6_85_3,1.19106675567796,-2.27192420081794,2.90515198214339,-0.580666419928,0.561465297804595,1
concoct_megahit_6_86_1,0.338236139190447,0,4.56215292158976,0,1,1
concoct_megahit_6_86_2,1.19650306779832,-4.58565107663413,3.60792298533788,-1.10885157274483,0.267494217984008,1
concoct_megahit_6_8_1,0.56500019208047,-0.596464540082828,3.93846236877604,-0.00291091776672004,0.997677426936199,1
concoct_megahit_6_91_2,0.469763885539459,-1.1336108291476,4.41646389816761,-0.124219475534538,0.901141502419985,1
concoct_megahit_6_92_9,0.183570978303254,0.53743482803933,4.43883386969703,0,1,1
concoct_megahit_6_94_2,1.04706484561718,-0.822853128036381,3.09366596312418,-0.0768839075942708,0.938715899529745,1
concoct_megahit_6_95_1,104.95116160555,-1.89846079757723,0.835699634428368,-1.57169004683801,0.116022451590029,1
concoct_megahit_6_95_5,0.390686104841142,0.437879130693383,4.44663871633196,0,1,1
concoct_megahit_6_95_7,0.183570978303254,0.53743482803933,4.43883386969703,0,1,1
concoct_megahit_6_96_1,2.58967260314116,3.97462178735222,2.33373407299861,1.4524456006236,0.146377744705778,1
concoct_megahit_6_97_8,0.375188488386999,-2.97018256781639,4.56215292159078,-0.522819512806839,0.601099859390447,1
concoct_megahit_6_99_2,0.94685545947896,0.323163833359405,3.15687405938207,0,1,1
concoct_megahit_6_99_5,1.31139301113559,-3.80679299158693,2.96964538473403,-1.08490832210105,0.277962261729846,1
concoct_megahit_6_99_6,0.557320669918088,-2.16259678445749,4.24812287570504,-0.371363265756681,0.710366982117496,1
