Source	Target	Flux	Direction	Weight1
Tepidanaerobacteraceae sp. PD1	Carbon monoxide	0.0012856377452135413	Production	3.0663353653805284e-05
Tepidanaerobacteraceae sp. PD1	L-Alanine	0.05902777906445129	Production	0.0014078535509637815
Ethanol	Tepidanaerobacteraceae sp. PD1	-0.0029552591819865964	Consumption	7.048498519375601e-05
Tepidanaerobacteraceae sp. PD1	CO2	0.06145366049617461	Production	0.0014657125089323627
Tepidanaerobacteraceae sp. PD1	Acetate	0.016115164760871915	Production	0.0003843578784861203
Tepidanaerobacteraceae sp. PD1	H2S	0.008318600905507848	Production	0.00019840441245607993
Tepidanaerobacteraceae sp. PD1	Urea	0.0003868240647153468	Production	9.226022759777488e-06
Hydrogen	Tepidanaerobacteraceae sp. PD1	-0.004868271785038339	Consumption	0.00011611166518969768
Tepidanaerobacteraceae sp. PD1	Propionate	0.04425134356964332	Production	0.001055425295798731
Tepidanaerobacteraceae sp. PD1	Ammonium	0.014111734988776211	Production	0.00033657468617472047
Tepidanaerobacteraceae sp. PD3	Carbon monoxide	0.0329535043049893	Production	0.0007859639781097482
Tepidanaerobacteraceae sp. PD3	L-Alanine	0.09973644048285797	Production	0.002378783415533283
Tepidanaerobacteraceae sp. PD3	Ethanol	0.014208612087362639	Production	0.00033888527229897653
Tepidanaerobacteraceae sp. PD3	CO2	0.05154547150603216	Production	0.0012293953160025502
Acetate	Tepidanaerobacteraceae sp. PD3	-0.01639137065136223	Consumption	0.0003909455809185516
Tepidanaerobacteraceae sp. PD3	H2S	0.012384906969449725	Production	0.00029538863788620105
Tepidanaerobacteraceae sp. PD3	Urea	0.0003952036750856833	Production	9.425882290367144e-06
Tepidanaerobacteraceae sp. PD3	Hydrogen	0.05767003295027758	Production	0.0013754703625998828
Tepidanaerobacteraceae sp. PD3	Propionate	0.04680909470171691	Production	0.001116429437761105
Ammonium	Tepidanaerobacteraceae sp. PD3	-0.021556367944779147	Consumption	0.0005141343556870492
Carbon monoxide	M. thermautotrophicus PD4	-0.018757184492552342	Consumption	0.00044737188511004115
L-Alanine	M. thermautotrophicus PD4	-2.2176477428676358	Consumption	0.05289243978117541
Ethanol	M. thermautotrophicus PD4	-0.5288710191868127	Consumption	0.012613941336857748
Sulfate	M. thermautotrophicus PD4	-0.0022187552358756547	Consumption	5.291885425904869e-05
CO2	M. thermautotrophicus PD4	-9.493938924840323	Consumption	0.22643704099684248
Acetate	M. thermautotrophicus PD4	-1.8387209737194208	Consumption	0.04385477300875529
H2S	M. thermautotrophicus PD4	-0.32976976306992584	Consumption	0.007865238016689655
M. thermautotrophicus PD4	Urea	0.0014657421238716258	Production	3.495896824504803e-05
Hydrogen	M. thermautotrophicus PD4	-27.430395472089998	Consumption	0.6542339942615242
M. thermautotrophicus PD4	Methane	3.8992552169505412	Production	0.09299994664044371
Propionate	M. thermautotrophicus PD4	-0.890949730826761	Consumption	0.021249770229455962
Ammonium	M. thermautotrophicus PD4	-2.295313642632048	Consumption	0.05474482546305472
Carbon monoxide	Moorellia sp. PD5	-0.10260629296734924	Consumption	0.0024472313916399516
Moorellia sp. PD5	L-Alanine	0.800877274506418	Production	0.019101479552007892
Ethanol	Moorellia sp. PD5	-0.22266418868870383	Consumption	0.005310695636635422
Moorellia sp. PD5	CO2	0.17975837521445695	Production	0.004287362168663453
Acetate	Moorellia sp. PD5	-0.2601471452272251	Consumption	0.006204690198174984
H2S	Moorellia sp. PD5	-0.04138617172117174	Consumption	0.0009870889561138549
Moorellia sp. PD5	Urea	0.0008208797818413505	Production	1.957855325232306e-05
Hydrogen	Moorellia sp. PD5	-0.22988447221145727	Consumption	0.00548290441625721
Moorellia sp. PD5	Propionate	0.6163844531519828	Production	0.01470119755278911
Ammonium	Moorellia sp. PD5	-0.15440566175968748	Consumption	0.0036826823343621817
Firmicutes sp. PD7	L-Alanine	0.00251526555453164	Production	5.999083141342262e-05
Firmicutes sp. PD7	Ethanol	0.013732224477073328	Production	0.0003275230967367103
CO2	Firmicutes sp. PD7	-0.22002528102640037	Consumption	0.0052477558550288175
Firmicutes sp. PD7	Acetate	0.09449575939798988	Production	0.0022537895297436066
Firmicutes sp. PD7	H2S	0.001094857568678377	Production	2.6113113864243506e-05
Firmicutes sp. PD7	Urea	0.0010798748518845902	Production	2.575576565674639e-05
Firmicutes sp. PD7	Hydrogen	0.009041173921777642	Production	0.00021563828103303068
Propionate	Firmicutes sp. PD7	-0.01948562241498011	Consumption	0.000464745635774569
Ammonium	Firmicutes sp. PD7	-0.11017872542415141	Consumption	0.0026278391680582703
Carbon monoxide	Bacteria sp. PD9	-0.004204348774322437	Consumption	0.00010027664000295703
L-Alanine	Bacteria sp. PD9	-0.0025812885426855403	Consumption	6.156552556236252e-05
Ethanol	Bacteria sp. PD9	-0.007261827004496728	Consumption	0.00017319962053124953
Bacteria sp. PD9	CO2	0.07103256036536762	Production	0.0016941759274940729
Bacteria sp. PD9	Acetate	0.021364477342668036	Production	0.0005095576314758312
Bacteria sp. PD9	H2S	0.010993237126546887	Production	0.000262196345017437
Hydrogen	Bacteria sp. PD9	-0.004800867383568652	Consumption	0.00011450402337318831
Bacteria sp. PD9	Propionate	0.072789376686951	Production	0.001736077217631242
Bacteria sp. PD9	Ammonium	0.03938816645936773	Production	0.0009394351421425761
L-Alanine	Bacilli sp. PD10	-0.0007361172083686034	Consumption	1.7556906970796222e-05
Bacilli sp. PD10	Ethanol	0.015206629718364895	Production	0.0003626886863524991
Bacilli sp. PD10	CO2	0.055197184794053854	Production	0.0013164912156133
Bacilli sp. PD10	Acetate	0.04185573314572905	Production	0.0009982883224026798
H2S	Bacilli sp. PD10	-0.0012282996784253241	Consumption	2.9295800914864364e-05
Bacilli sp. PD10	Hydrogen	0.006886485226861724	Production	0.00016424745829774387
Bacilli sp. PD10	Ammonium	0.008828609739168	Production	0.0002105684775601956
Carbobacillus sp. PD11	Carbon monoxide	0.0002446766678792411	Production	5.83570856249998e-06
L-Alanine	Carbobacillus sp. PD11	-0.24331989877318008	Consumption	0.005803348676458523
Carbobacillus sp. PD11	Ethanol	0.197388613819844	Production	0.0047078556112141465
Carbobacillus sp. PD11	CO2	0.24266895041356298	Production	0.005787823105716985
Carbobacillus sp. PD11	Acetate	0.20318396959174134	Production	0.0048460788737505105
Carbobacillus sp. PD11	H2S	0.02192384806666212	Production	0.0005228990119675549
Carbobacillus sp. PD11	Urea	0.0010640955234495696	Production	2.537941770801514e-05
Carbobacillus sp. PD11	Hydrogen	0.6488002560312633	Production	0.015474336978229924
Propionate	Carbobacillus sp. PD11	-0.055308349123252006	Consumption	0.0013191425621162953
Carbobacillus sp. PD11	Ammonium	0.00046392371927004867	Production	1.1064903099903443e-05
Tissierellaceae sp. PD12	L-Alanine	0.021737081858062324	Production	0.0005184445081026854
Tissierellaceae sp. PD12	Ethanol	0.07979906268286768	Production	0.00190326309988707
CO2	Tissierellaceae sp. PD12	-0.3141333599172222	Consumption	0.007492298935264981
Tissierellaceae sp. PD12	Acetate	0.21340171123597204	Production	0.005089779112598289
Tissierellaceae sp. PD12	H2S	0.03646034287665031	Production	0.0008696045150572584
Tissierellaceae sp. PD12	Urea	0.00042768396965295617	Production	1.0200559887383892e-05
Hydrogen	Tissierellaceae sp. PD12	-0.2306106910343455	Consumption	0.005500225239855598
Propionate	Tissierellaceae sp. PD12	-0.10417924826306875	Consumption	0.0024847474685394063
Ammonium	Tissierellaceae sp. PD12	-0.03546945544357286	Consumption	0.0008459711611792434
C. subterraneus PD13	Carbon monoxide	0.0003380144531446953	Production	8.061879604469644e-06
L-Alanine	C. subterraneus PD13	-0.40549332596610205	Consumption	0.009671297614470017
C. subterraneus PD13	Ethanol	0.20697520751506707	Production	0.004936502532873358
CO2	C. subterraneus PD13	-0.14534050641924692	Consumption	0.003466472079828592
C. subterraneus PD13	Acetate	0.6507271075584468	Production	0.015520293726183514
H2S	C. subterraneus PD13	-0.03869568203685217	Consumption	0.0009229189074361824
C. subterraneus PD13	Urea	0.000654933450411109	Production	1.5620617926340626e-05
Hydrogen	C. subterraneus PD13	-0.4372742897213909	Consumption	0.010429295685633775
C. subterraneus PD13	Propionate	0.057551844228941856	Production	0.0013726514794629332
C. subterraneus PD13	Ammonium	0.6003659806906624	Production	0.014319145852841842
Limnochordia sp. PD14	L-Alanine	0.04080994954877103	Production	0.0009733456568670267
Ethanol	Limnochordia sp. PD14	-0.016863268540778853	Consumption	0.0004022006735179547
CO2	Limnochordia sp. PD14	-0.17290439515740277	Consumption	0.004123889981254493
Limnochordia sp. PD14	Acetate	0.1788057730839345	Production	0.004264641945857046
Limnochordia sp. PD14	H2S	0.007669015909474704	Production	0.00018291135888346443
Limnochordia sp. PD14	Urea	0.0002847965370093752	Production	6.792595321823736e-06
Hydrogen	Limnochordia sp. PD14	-0.074543570092254	Consumption	0.0017779159493923763
Limnochordia sp. PD14	Propionate	0.0035992747395498723	Production	8.584520378848565e-05
Limnochordia sp. PD14	Ammonium	0.2827095074057056	Production	0.006742818215433124
L-Alanine	Symbiobacterium sp. PD15	-0.04186298834144151	Consumption	0.0009984613638622877
Symbiobacterium sp. PD15	Ethanol	0.03186995307406673	Production	0.0007601205282581137
Sulfate	Symbiobacterium sp. PD15	-0.20543327700940076	Consumption	0.004899726418776782
CO2	Symbiobacterium sp. PD15	-0.04494826392940843	Consumption	0.0010720473306912001
Symbiobacterium sp. PD15	Acetate	0.45165460784711237	Production	0.010772276266271585
Symbiobacterium sp. PD15	H2S	0.21161396663515686	Production	0.005047140161508399
Symbiobacterium sp. PD15	Urea	0.0008367546467734826	Production	1.995717981290176e-05
Hydrogen	Symbiobacterium sp. PD15	-0.5430522721423446	Consumption	0.012952174074849835
Propionate	Symbiobacterium sp. PD15	-0.18107849608155843	Consumption	0.004318847968737701
Ammonium	Symbiobacterium sp. PD15	-0.11890798094718343	Consumption	0.0028360379785192253
Lutisporaceae sp. PD17	Carbon monoxide	0.005906879018320681	Production	0.00014088316946460285
Lutisporaceae sp. PD17	L-Alanine	0.0014140595475125913	Production	3.372630288302286e-05
Lutisporaceae sp. PD17	Ethanol	0.010026675638965794	Production	0.00023914318184438128
Lutisporaceae sp. PD17	CO2	0.06759026518685565	Production	0.001612074795326419
Lutisporaceae sp. PD17	Acetate	0.053264680527899434	Production	0.0012703996459069841
H2S	Lutisporaceae sp. PD17	-0.011589720313295247	Consumption	0.0002764228835364782
Lutisporaceae sp. PD17	Urea	0.0005055493056220454	Production	1.2057702261339295e-05
Lutisporaceae sp. PD17	Hydrogen	0.007668151379674889	Production	0.00018289073924694966
Lutisporaceae sp. PD17	Propionate	0.04312855054755072	Production	0.0010286459019573256
Lutisporaceae sp. PD17	Ammonium	0.1762083491741514	Production	0.004202691580576428
S. terraclitae  PD18	L-Alanine	0.027872165874813077	Production	0.0006647705253667398
Ethanol	S. terraclitae  PD18	-0.014755391876340857	Consumption	0.00035192635024073167
Sulfate	S. terraclitae  PD18	-0.025229182814979823	Consumption	0.0006017335426969267
S. terraclitae  PD18	CO2	0.23569194481365935	Production	0.0056214166736167125
S. terraclitae  PD18	Acetate	0.08730230610728673	Production	0.002082220669801397
S. terraclitae  PD18	H2S	0.07397616295564353	Production	0.0017643828948749937
S. terraclitae  PD18	Urea	0.0011830386957237162	Production	2.821629502413801e-05
Hydrogen	S. terraclitae  PD18	-0.010264059833948468	Consumption	0.0002448049598605273
S. terraclitae  PD18	Propionate	0.051069044213323304	Production	0.0012180321939870011
S. terraclitae  PD18	Ammonium	0.10905011268345731	Production	0.0026009209698839115
T. xylanilyticum PD19	L-Alanine	0.04855529207938688	Production	0.0011580774587064983
T. xylanilyticum PD19	Ethanol	0.010632847109473166	Production	0.0002536007926637707
T. xylanilyticum PD19	CO2	0.08177203190534255	Production	0.0019503197869220105
T. xylanilyticum PD19	Acetate	0.019894889441874748	Production	0.0004745069387786491
T. xylanilyticum PD19	H2S	0.0026775968664146644	Production	6.386254601101214e-05
T. xylanilyticum PD19	Urea	0.0003438511192487387	Production	8.201088147135551e-06
Hydrogen	T. xylanilyticum PD19	-0.0023372040011515843	Consumption	5.5743939624684976e-05
T. xylanilyticum PD19	Propionate	0.023832745626830604	Production	0.000568427545331057
T. xylanilyticum PD19	Ammonium	0.029544063914152315	Production	0.0007046464554599773
Acetivibrionales sp. PD20	Carbon monoxide	0.004298195587372138	Production	0.00010251495171132055
Acetivibrionales sp. PD20	L-Alanine	0.031358510869420334	Production	0.000747922276259881
Ethanol	Acetivibrionales sp. PD20	-0.00037241185122569134	Consumption	8.882281452544751e-06
Acetivibrionales sp. PD20	CO2	0.06165150989509948	Production	0.001470431354588546
Acetivibrionales sp. PD20	Acetate	0.02973634148575224	Production	0.000709232409162421
Acetivibrionales sp. PD20	H2S	0.005180341449146782	Production	0.00012355474354579558
Urea	Acetivibrionales sp. PD20	-0.008797709919964404	Consumption	0.000209831495398925
Acetivibrionales sp. PD20	Hydrogen	0.010541588009140873	Production	0.00025142419970200107
Acetivibrionales sp. PD20	Propionate	0.01689762034331925	Production	0.00040301998788070076
Ammonium	Acetivibrionales sp. PD20	-0.005852617261192648	Consumption	0.00013958898884888253
Limnochordia sp. PD22	L-Alanine	0.49381131121643684	Production	0.011777742937660774
Limnochordia sp. PD22	Ethanol	0.04237276296919799	Production	0.0010106198429928434
CO2	Limnochordia sp. PD22	-0.0063746639852535585	Consumption	0.00015204016600456826
Acetate	Limnochordia sp. PD22	-0.16464032125571704	Consumption	0.003926786075732116
Limnochordia sp. PD22	H2S	0.012093491818567836	Production	0.0002884381840240331
Limnochordia sp. PD22	Urea	0.000699598236835628	Production	1.66859041215427e-05
Hydrogen	Limnochordia sp. PD22	-0.11369748919241786	Consumption	0.0027117641292320176
Limnochordia sp. PD22	Propionate	0.0051907481790958885	Production	0.0001238029512870486
Limnochordia sp. PD22	Ammonium	0.11354730051052442	Production	0.0027081820247979783
L-Alanine	Tepidimicrobiaceae sp. PD23	-0.017901340675602673	Consumption	0.00042695941532276726
Ethanol	Tepidimicrobiaceae sp. PD23	-0.00027007162448479074	Consumption	6.441395925303463e-06
Sulfate	Tepidimicrobiaceae sp. PD23	-0.00960088584879853	Consumption	0.00022898779945405655
Tepidimicrobiaceae sp. PD23	CO2	0.06516476924116722	Production	0.0015542250314676566
Tepidimicrobiaceae sp. PD23	Acetate	0.028552546679167568	Production	0.0006809980803688038
H2S	Tepidimicrobiaceae sp. PD23	-0.012067158738924019	Consumption	0.00028781012177483544
Tepidimicrobiaceae sp. PD23	Urea	0.000654691816882529	Production	1.5614854798765184e-05
Tepidimicrobiaceae sp. PD23	Hydrogen	0.009947615125912758	Production	0.00023725753366640726
Tepidimicrobiaceae sp. PD23	Propionate	0.06720308953523713	Production	0.0016028403869746718
Tepidimicrobiaceae sp. PD23	Ammonium	0.02615572886578153	Production	0.0006238323098947974
Peptococcales sp. PD24	Carbon monoxide	0.03724803581208394	Production	0.0008883915389601649
Peptococcales sp. PD24	L-Alanine	0.11726413431014489	Production	0.0027968310938646687
Peptococcales sp. PD24	Ethanol	0.07993893295265116	Production	0.0019065991030216944
Peptococcales sp. PD24	CO2	0.14606477435742668	Production	0.00348374637347095
Acetate	Peptococcales sp. PD24	-0.08624983024673066	Consumption	0.0020571183891282645
H2S	Peptococcales sp. PD24	-0.006946793312374001	Consumption	0.00016568584804721386
Peptococcales sp. PD24	Urea	0.0003658320058561755	Production	8.725347567938474e-06
Hydrogen	Peptococcales sp. PD24	-0.004960886767119611	Consumption	0.00011832059687342572
Propionate	Peptococcales sp. PD24	-0.03241282141728603	Consumption	0.0007730683155003307
Peptococcales sp. PD24	Ammonium	0.2028101380362234	Production	0.004837162731363998
Carbon monoxide	Moorellia sp. PD25	-0.0033566743359542983	Consumption	8.005901557201307e-05
Moorellia sp. PD25	L-Alanine	0.07759345416101894	Production	0.001850657803893632
Moorellia sp. PD25	Ethanol	0.002549325761528619	Production	6.0803191019819144e-05
Moorellia sp. PD25	CO2	0.025389349224492274	Production	0.0006055536228685188
Moorellia sp. PD25	Acetate	0.006090266119094672	Production	0.00014525707925957772
Moorellia sp. PD25	H2S	0.018558102877444527	Production	0.00044262365024158855
Moorellia sp. PD25	Urea	0.001087585999427804	Production	2.593968188437314e-05
Moorellia sp. PD25	Hydrogen	0.03069779937797551	Production	0.0007321638480395422
Moorellia sp. PD25	Propionate	0.02911753176070579	Production	0.0006944733671895504
Ammonium	Moorellia sp. PD25	-0.004014268696378569	Consumption	9.574309805131839e-05
Tepidimicrobiaceae sp. PD26	L-Alanine	0.07637786290629484	Production	0.0018216651077155286
Tepidimicrobiaceae sp. PD26	Ethanol	0.002809963736300958	Production	6.701958784373811e-05
Tepidimicrobiaceae sp. PD26	CO2	0.08945324702666968	Production	0.0021335221054857747
Acetate	Tepidimicrobiaceae sp. PD26	-0.008920213884792675	Consumption	0.00021275330009197147
Tepidimicrobiaceae sp. PD26	H2S	0.004860384162944909	Production	0.00011592353992141049
Tepidimicrobiaceae sp. PD26	Urea	0.0006460680259539777	Production	1.5409171392173285e-05
Tepidimicrobiaceae sp. PD26	Hydrogen	0.017308889613318997	Production	0.00041282904577426
Tepidimicrobiaceae sp. PD26	Propionate	0.027398069934987817	Production	0.0006534630077375957
Tepidimicrobiaceae sp. PD26	Ammonium	0.0030018422221060096	Production	7.159602307263667e-05
Tepidanaerobacteraceae sp. PD27	Carbon monoxide	0.07720284795656826	Production	0.0018413415744728378
Tepidanaerobacteraceae sp. PD27	L-Alanine	0.005911622053283455	Production	0.0001409962941445505
Tepidanaerobacteraceae sp. PD27	Ethanol	0.08577427204621439	Production	0.0020457759955654687
Tepidanaerobacteraceae sp. PD27	CO2	0.05697826428605305	Production	0.0013589711992261333
Acetate	Tepidanaerobacteraceae sp. PD27	-0.034563525080339594	Consumption	0.0008243640924563754
H2S	Tepidanaerobacteraceae sp. PD27	-0.007954467381495486	Consumption	0.00018971957486044533
Tepidanaerobacteraceae sp. PD27	Urea	0.0006434045635972341	Production	1.534564596404045e-05
Tepidanaerobacteraceae sp. PD27	Hydrogen	0.004059976890844562	Production	9.683327025340697e-05
Tepidanaerobacteraceae sp. PD27	Propionate	0.07660381429872168	Production	0.0018270542054457009
Tepidanaerobacteraceae sp. PD27	Ammonium	0.06249566424564478	Production	0.0014905650224786946
Carbon monoxide	P. thermosuccinogenes PD28	-0.04399649299202359	Consumption	0.001049346932418748
P. thermosuccinogenes PD28	L-Alanine	0.6314282696873006	Production	0.01506000303158189
P. thermosuccinogenes PD28	Ethanol	0.22255561994586784	Production	0.005308106196670919
CO2	P. thermosuccinogenes PD28	-0.10926402497869792	Consumption	0.002606022926779841
Acetate	P. thermosuccinogenes PD28	-0.2072767355908478	Consumption	0.004943694187022156
P. thermosuccinogenes PD28	H2S	0.00922881704843499	Production	0.00022011370000297109
P. thermosuccinogenes PD28	Urea	0.00038355113641348537	Production	9.147961145316365e-06
P. thermosuccinogenes PD28	Hydrogen	0.14001442956958524	Production	0.0033394414457043617
P. thermosuccinogenes PD28	Propionate	0.008657121008488526	Production	0.00020647835216052986
Ammonium	P. thermosuccinogenes PD28	-0.18773014589604742	Consumption	0.004477494439255776
Peptococcales sp. PD29	Carbon monoxide	0.013948906164604044	Production	0.0003326911055632979
Peptococcales sp. PD29	L-Alanine	0.12508454105597275	Production	0.0029833532294014516
Ethanol	Peptococcales sp. PD29	-0.022860837459631425	Consumption	0.0005452468601335326
Peptococcales sp. PD29	CO2	0.16239413164875316	Production	0.0038732128926575976
Peptococcales sp. PD29	Acetate	0.015091195128452169	Production	0.00035993549116392136
Peptococcales sp. PD29	H2S	0.01446467703399177	Production	0.0003449925992237376
Peptococcales sp. PD29	Urea	0.00035882343169278165	Production	8.558188203660964e-06
Peptococcales sp. PD29	Hydrogen	0.022165037446081448	Production	0.0005286515462768586
Peptococcales sp. PD29	Propionate	0.05148452218579549	Production	0.0012279416323592888
Ammonium	Peptococcales sp. PD29	-0.023336342001665348	Consumption	0.0005565879739042357
M. thermoacetica PD30	Carbon monoxide	0.001810239112284269	Production	4.317546082057768e-05
M. thermoacetica PD30	L-Alanine	0.013231292188089199	Production	0.0003155755135306967
Ethanol	M. thermoacetica PD30	-0.002119883674367818	Consumption	5.056069880810151e-05
M. thermoacetica PD30	CO2	0.06015489727652678	Production	0.001434736103591991
M. thermoacetica PD30	Acetate	0.023174297085604628	Production	0.0005527230900460336
M. thermoacetica PD30	H2S	0.005720579890996228	Production	0.0001364398058127398
M. thermoacetica PD30	Urea	0.0005355682652730562	Production	1.2773675310143464e-05
M. thermoacetica PD30	Hydrogen	0.053478396542373255	Production	0.0012754969213702244
M. thermoacetica PD30	Propionate	0.017134704736986157	Production	0.0004086746154271243
M. thermoacetica PD30	Ammonium	0.018290926111071183	Production	0.0004362512986939718
Carbon monoxide	Firmicutes sp. PD31	-0.01778973612249443	Consumption	0.00042429756917359055
Firmicutes sp. PD31	L-Alanine	0.017225239004005622	Production	0.00041083392061067335
Firmicutes sp. PD31	Ethanol	0.013276806215723592	Production	0.00031666105471891894
Firmicutes sp. PD31	CO2	0.05019898382660789	Production	0.0011972806491312687
Acetate	Firmicutes sp. PD31	-0.014275931263881327	Consumption	0.00034049088144117904
Firmicutes sp. PD31	H2S	0.016801564728755648	Production	0.00040072899472126444
Firmicutes sp. PD31	Urea	0.0004787446683559851	Production	1.1418393035150813e-05
Firmicutes sp. PD31	Hydrogen	0.06047376386069946	Production	0.0014423412932150165
Propionate	Firmicutes sp. PD31	-0.002011003829991283	Consumption	4.7963838855662546e-05
Ammonium	Firmicutes sp. PD31	-0.019051700698196606	Consumption	0.0004543963012833131
Tepidanaerobacteraceae sp. PD32	Carbon monoxide	0.055821323711431343	Production	0.0013313773625266904
Tepidanaerobacteraceae sp. PD32	L-Alanine	0.18683366896923728	Production	0.0044561128415610924
Ethanol	Tepidanaerobacteraceae sp. PD32	-0.021365783010091722	Consumption	0.0005095887725512358
Tepidanaerobacteraceae sp. PD32	CO2	0.08564521871134963	Production	0.0020426979838456868
Acetate	Tepidanaerobacteraceae sp. PD32	-0.02424499280796304	Consumption	0.0005782599270847123
Tepidanaerobacteraceae sp. PD32	H2S	0.03843896752630836	Production	0.0009167960879606537
Tepidanaerobacteraceae sp. PD32	Urea	0.00034733408856214035	Production	8.28415938568607e-06
Tepidanaerobacteraceae sp. PD32	Hydrogen	0.030861902614357978	Production	0.0007360778242678101
Tepidanaerobacteraceae sp. PD32	Propionate	0.08160754864059856	Production	0.0019463967467532267
Ammonium	Tepidanaerobacteraceae sp. PD32	-0.04269496360991509	Consumption	0.001018304552181395
Tepidanaerobacteraceae sp. PD1	Acetate	2.4825515029447367e-06	Production	5.921057854904252e-08
Tepidanaerobacteraceae sp. PD1	Ammonium	1.3930089749620274e-06	Production	3.3224232098981115e-08
L-Cysteine	Tepidanaerobacteraceae sp. PD3	-0.030146158125352235	Consumption	0.0007190068208114672
Tepidanaerobacteraceae sp. PD3	Carbon monoxide	0.0385794670780072	Production	0.0009201470999062675
Tepidanaerobacteraceae sp. PD3	Pyrophosphate	0.015780412328951346	Production	0.0003763738003547281
Tepidanaerobacteraceae sp. PD3	L-Alanine	0.1521348433287181	Production	0.0036285217367197815
Ethanol	Tepidanaerobacteraceae sp. PD3	-0.01779511828917012	Consumption	0.00042442593758904414
Tepidanaerobacteraceae sp. PD3	CO2	0.11953704385409263	Production	0.0028510415660047837
Acetate	Tepidanaerobacteraceae sp. PD3	-0.035898947793259126	Consumption	0.0008562148521871223
Tepidanaerobacteraceae sp. PD3	H2S	0.03305043732369056	Production	0.0007882758979676038
Tepidanaerobacteraceae sp. PD3	Hydrogen	0.24898552756402095	Production	0.0059384778603452934
Tepidanaerobacteraceae sp. PD3	Propionate	0.04264637280950697	Production	0.0010171456278243725
Ammonium	Tepidanaerobacteraceae sp. PD3	-0.042972773399285326	Consumption	0.0010249305087167127
L-Cysteine	M. thermautotrophicus PD4	-0.011784363202285611	Consumption	0.00028106525170241796
Carbon monoxide	M. thermautotrophicus PD4	-0.012579978584473045	Consumption	0.00030004123146596214
L-Alanine	M. thermautotrophicus PD4	-2.249400705232879	Consumption	0.05364976999972752
M. thermautotrophicus PD4	Ethanol	0.46221804921334186	Production	0.011024221683726741
Sulfate	M. thermautotrophicus PD4	-0.002504083251104332	Consumption	5.972412570574386e-05
CO2	M. thermautotrophicus PD4	-11.960520571707066	Consumption	0.2852667273804651
Acetate	M. thermautotrophicus PD4	-1.807518302049747	Consumption	0.043110567605706966
H2S	M. thermautotrophicus PD4	-0.2992721040827171	Consumption	0.007137847656053809
Hydrogen	M. thermautotrophicus PD4	-31.91226565978978	Consumption	0.7611297128319667
M. thermautotrophicus PD4	Methane	3.572432899424293	Production	0.08520500724824419
Propionate	M. thermautotrophicus PD4	-0.1401846288036849	Consumption	0.003343500815714487
Ammonium	M. thermautotrophicus PD4	-2.9841158549017077	Consumption	0.07117323689619905
L-Cysteine	Moorellia sp. PD5	-0.0361542163030392	Consumption	0.0008623031835395642
Carbon monoxide	Moorellia sp. PD5	-0.0008462488000103864	Consumption	2.0183621965390245e-05
Moorellia sp. PD5	Pyrophosphate	0.010140424985366152	Production	0.00024185618280405988
Moorellia sp. PD5	L-Alanine	0.07762393326494983	Production	0.00185138475170328
Ethanol	Moorellia sp. PD5	-0.03789585722636272	Consumption	0.0009038425298823698
Moorellia sp. PD5	CO2	0.19112178513475664	Production	0.004558387392056714
Acetate	Moorellia sp. PD5	-0.043592033957900976	Consumption	0.0010397003033835073
Moorellia sp. PD5	H2S	0.03915131052950904	Production	0.0009337859636167454
Moorellia sp. PD5	Hydrogen	0.28101476549730164	Production	0.006702397443187763
Moorellia sp. PD5	Propionate	0.2017269863057686	Production	0.0048113288098761454
Ammonium	Moorellia sp. PD5	-0.011123717665757787	Consumption	0.00026530839655268377
L-Cysteine	Firmicutes sp. PD7	-0.0011460821670336463	Consumption	2.7334856132615427e-05
Firmicutes sp. PD7	Pyrophosphate	0.013420363171671735	Production	0.00032008498788056586
Firmicutes sp. PD7	L-Alanine	0.001579363656586893	Production	3.766892075951544e-05
Firmicutes sp. PD7	Ethanol	0.005307399983290675	Production	0.00012658517788213436
CO2	Firmicutes sp. PD7	-0.2567667396346047	Consumption	0.006124065175639882
Firmicutes sp. PD7	Acetate	0.08738868733943266	Production	0.002084280922217137
Firmicutes sp. PD7	H2S	0.0011457559911653493	Production	2.7327076611486582e-05
Firmicutes sp. PD7	Hydrogen	0.06030191855227429	Production	0.0014382426631883187
Firmicutes sp. PD7	Propionate	0.03053993700886225	Production	0.0007283987208326218
Ammonium	Firmicutes sp. PD7	-0.2034836181555287	Consumption	0.004853225700232134
L-Cysteine	Bacteria sp. PD9	-0.006165692514177865	Consumption	0.00014705605119850709
Carbon monoxide	Bacteria sp. PD9	-0.004796776581817621	Consumption	0.00011440645490859829
L-Alanine	Bacteria sp. PD9	-0.0020703856130600204	Consumption	4.9380135648137164e-05
Ethanol	Bacteria sp. PD9	-0.006882440141643907	Consumption	0.00016415098020424086
Bacteria sp. PD9	CO2	0.06501751644964678	Production	0.0015507129500592568
Bacteria sp. PD9	Acetate	0.01678908835584589	Production	0.00040043142455713937
Bacteria sp. PD9	H2S	0.00944823883322636	Production	0.00022534706205340574
Hydrogen	Bacteria sp. PD9	-0.003135534206485022	Consumption	7.47846698068781e-05
Bacteria sp. PD9	Propionate	0.06654028071398961	Production	0.001587031935981038
Bacteria sp. PD9	Ammonium	0.03502294560896826	Production	0.0008353215913300717
L-Cysteine	Carbobacillus sp. PD11	-0.0035804064931172623	Consumption	8.539518299892478e-05
Carbobacillus sp. PD11	Carbon monoxide	0.00021159184348310166	Production	5.046612508957802e-06
L-Alanine	Carbobacillus sp. PD11	-0.035960372304500596	Consumption	0.0008576798694660732
Carbobacillus sp. PD11	Ethanol	0.11138273560849453	Production	0.0026565556476597337
Carbobacillus sp. PD11	CO2	0.3509524694613065	Production	0.008370460284658881
Carbobacillus sp. PD11	Acetate	0.08817709086549347	Production	0.0021030848942003135
Carbobacillus sp. PD11	H2S	0.0005293200279792495	Production	1.2624650508587822e-05
Carbobacillus sp. PD11	Hydrogen	0.353989270598056	Production	0.008442890102139824
Carbobacillus sp. PD11	Propionate	0.07240300526795634	Production	0.0017268619907864608
Carbobacillus sp. PD11	Ammonium	0.22949112202654187	Production	0.005473522740995454
L-Cysteine	Tissierellaceae sp. PD12	-0.03615785411806701	Consumption	0.0008623899479560105
Pyrophosphate	Tissierellaceae sp. PD12	-0.041668015426069495	Consumption	0.0009938111243377996
Tissierellaceae sp. PD12	L-Alanine	0.004680917886729449	Production	0.00011164314451686198
Ethanol	Tissierellaceae sp. PD12	-0.005312545309833243	Consumption	0.00012670789749582526
Tissierellaceae sp. PD12	CO2	0.00025534794626671365	Production	6.09022596785115e-06
Tissierellaceae sp. PD12	Acetate	0.1239452382191039	Production	0.0029561800650044386
Tissierellaceae sp. PD12	H2S	0.03595586861594285	Production	0.0008575724533642148
Tissierellaceae sp. PD12	Hydrogen	0.18767020635362072	Production	0.004476064839515009
Propionate	Tissierellaceae sp. PD12	-0.008478462890079806	Consumption	0.0002022172318812866
Ammonium	Tissierellaceae sp. PD12	-0.004361126264476638	Consumption	0.00010401589209278719
L-Cysteine	C. subterraneus PD13	-0.12971898033647136	Consumption	0.00309388782686025
C. subterraneus PD13	Carbon monoxide	0.0003281814282343184	Production	7.827355127076143e-06
Pyrophosphate	C. subterraneus PD13	-0.024928110065481467	Consumption	0.0005945527483963843
L-Alanine	C. subterraneus PD13	-0.156137125755748	Consumption	0.0037239789539174955
Ethanol	C. subterraneus PD13	-0.1557281289981835	Consumption	0.003714224097024758
Sulfate	C. subterraneus PD13	-1.6368320470664436e-06	Consumption	3.903958180906073e-08
CO2	C. subterraneus PD13	-0.10293868398592103	Consumption	0.002455159148421954
C. subterraneus PD13	Acetate	0.9750217881741091	Production	0.023254947221530466
C. subterraneus PD13	H2S	0.1264010233545766	Production	0.0030147522470884746
Hydrogen	C. subterraneus PD13	-0.6211761469066601	Consumption	0.014815482778738197
C. subterraneus PD13	Propionate	0.10605288118178914	Production	0.002529434915697853
C. subterraneus PD13	Ammonium	0.8895801211537747	Production	0.02121710408697002
L-Cysteine	Limnochordia sp. PD14	-0.010250365392366855	Consumption	0.0002444783379121039
Pyrophosphate	Limnochordia sp. PD14	-0.03152988034943411	Consumption	0.0007520095574482988
Limnochordia sp. PD14	L-Alanine	0.1051273868346843	Production	0.0025073612323640152
Ethanol	Limnochordia sp. PD14	-0.03810117998920256	Consumption	0.0009087396204614027
CO2	Limnochordia sp. PD14	-0.26328700481557216	Consumption	0.006279578031345117
Limnochordia sp. PD14	Acetate	0.20912314983448557	Production	0.004987732449864761
Limnochordia sp. PD14	H2S	0.010249651398182506	Production	0.00024446130865463
Hydrogen	Limnochordia sp. PD14	-0.04713674815085581	Consumption	0.0011242442002198463
Limnochordia sp. PD14	Propionate	0.0033392984689281243	Production	7.964458906839748e-05
Limnochordia sp. PD14	Ammonium	0.1900840692469299	Production	0.004533637146990349
Symbiobacterium sp. PD15	L-Cysteine	0.05557332852437639	Production	0.0013254625049757055
Pyrophosphate	Symbiobacterium sp. PD15	-0.19581667280214576	Consumption	0.004670363725550354
Symbiobacterium sp. PD15	L-Alanine	0.027539078308302416	Production	0.0006568261554323417
Ethanol	Symbiobacterium sp. PD15	-0.04059695249534829	Consumption	0.0009682655291244836
Sulfate	Symbiobacterium sp. PD15	-0.3544239309610499	Consumption	0.008453257053856507
Symbiobacterium sp. PD15	CO2	1.059550385728394	Production	0.025271013014804687
Symbiobacterium sp. PD15	Acetate	0.6849606964579458	Production	0.01633678861144372
Symbiobacterium sp. PD15	H2S	0.2973915376364083	Production	0.00709299483944405
Symbiobacterium sp. PD15	Hydrogen	0.33043252149754504	Production	0.007881045265760235
Propionate	Symbiobacterium sp. PD15	-0.6069691399085463	Consumption	0.014476635788933231
Symbiobacterium sp. PD15	Ammonium	0.6280823960591037	Production	0.014980201620395645
L-Cysteine	Lutisporaceae sp. PD17	-0.005107030760271326	Consumption	0.00012180623267019209
Carbon monoxide	Lutisporaceae sp. PD17	-0.008297019993738554	Consumption	0.00019788969271312192
Pyrophosphate	Lutisporaceae sp. PD17	-0.005915605681177864	Consumption	0.0001410913064381816
L-Alanine	Lutisporaceae sp. PD17	-7.785902242830834e-05	Consumption	1.8569917916202997e-06
Lutisporaceae sp. PD17	Ethanol	0.0030613758588814693	Production	7.301594168154458e-05
Lutisporaceae sp. PD17	CO2	0.09603987945972216	Production	0.0022906178662739475
Lutisporaceae sp. PD17	Acetate	0.028876877586713468	Production	0.0006887335979016121
Lutisporaceae sp. PD17	H2S	0.004556141055015663	Production	0.00010866713036910866
Lutisporaceae sp. PD17	Hydrogen	0.0929941921678022	Production	0.002217976107816918
Lutisporaceae sp. PD17	Propionate	0.03986755555681395	Production	0.0009508689052593632
Lutisporaceae sp. PD17	Ammonium	0.09866951077195164	Production	0.0023533364004848572
L-Cysteine	S. terraclitae  PD18	-0.08288986078592363	Consumption	0.001976980782538627
S. terraclitae  PD18	Pyrophosphate	0.011539251855729724	Production	0.00027521917575140794
S. terraclitae  PD18	L-Alanine	0.40149961360819675	Production	0.009576044799376538
Ethanol	S. terraclitae  PD18	-0.014323112346404532	Consumption	0.00034161618304698874
Sulfate	S. terraclitae  PD18	-0.11266617470067003	Consumption	0.002687166561910668
S. terraclitae  PD18	CO2	0.5610447285804224	Production	0.013381306664426867
Acetate	S. terraclitae  PD18	-0.09923034760578374	Consumption	0.002366712748715064
S. terraclitae  PD18	H2S	0.22007400660068205	Production	0.0052489179938363835
S. terraclitae  PD18	Hydrogen	0.19014624326108612	Production	0.0045351200404346705
S. terraclitae  PD18	Propionate	0.20200909832150063	Production	0.004818057377499945
S. terraclitae  PD18	Ammonium	0.0691741335444424	Production	0.001649851156335241
L-Cysteine	T. xylanilyticum PD19	-0.006483987369349989	Consumption	0.00015464760468755656
Pyrophosphate	T. xylanilyticum PD19	-0.005390338059737922	Consumption	0.00012856330864170212
T. xylanilyticum PD19	L-Alanine	0.069324901058844	Production	0.0016534470663268483
T. xylanilyticum PD19	Ethanol	0.012576322373539553	Production	0.00029995402829438133
T. xylanilyticum PD19	CO2	0.13216091793590576	Production	0.003152129735586681
T. xylanilyticum PD19	Acetate	0.014102497517495644	Production	0.0003363543660652671
T. xylanilyticum PD19	H2S	0.010377578844424957	Production	0.00024751246714835393
T. xylanilyticum PD19	Hydrogen	0.04730014992899879	Production	0.0011281414461816366
T. xylanilyticum PD19	Propionate	0.03957958295526187	Production	0.000944000558591048
T. xylanilyticum PD19	Ammonium	0.01315576476153981	Production	0.0003137741319210886
Acetivibrionales sp. PD20	L-Alanine	1.3242206433937627e-06	Production	3.1583582587883746e-08
Acetivibrionales sp. PD20	CO2	1.787268542508128e-06	Production	4.262759676843892e-08
Acetivibrionales sp. PD20	Acetate	5.15521039099137e-06	Production	1.2295535034441927e-07
L-Cysteine	Limnochordia sp. PD22	-0.008325669634084277	Consumption	0.00019857300654491154
Pyrophosphate	Limnochordia sp. PD22	-0.00016183176594923118	Consumption	3.85980007991823e-06
Limnochordia sp. PD22	L-Alanine	0.16260070317151756	Production	0.0038781397670286342
Ethanol	Limnochordia sp. PD22	-0.00681604978637076	Consumption	0.00016256752409421187
Limnochordia sp. PD22	CO2	0.08890261493918368	Production	0.0021203891475475244
Limnochordia sp. PD22	Acetate	0.007583380505649921	Production	0.00018086889499148402
Limnochordia sp. PD22	H2S	0.008325614685468734	Production	0.00019857169598224529
Limnochordia sp. PD22	Hydrogen	0.15161091766889231	Production	0.0036160257456403716
Limnochordia sp. PD22	Propionate	0.0047554412602047735	Production	0.00011342057876290531
Ammonium	Limnochordia sp. PD22	-0.02713578410415277	Consumption	0.0006472073084014336
Tepidimicrobiaceae sp. PD23	L-Cysteine	0.006707075551729194	Production	0.00015996841286835712
Tepidimicrobiaceae sp. PD23	Pyrophosphate	0.0037540485927732223	Production	8.953666774512412e-05
L-Alanine	Tepidimicrobiaceae sp. PD23	-0.013358946381717576	Consumption	0.0003186201547596831
Ethanol	Tepidimicrobiaceae sp. PD23	-0.0008953090310796861	Consumption	2.1353742569904292e-05
Sulfate	Tepidimicrobiaceae sp. PD23	-0.004870541107350814	Consumption	0.00011616579010387426
Tepidimicrobiaceae sp. PD23	CO2	0.07355942075341959	Production	0.001754443303744573
Tepidimicrobiaceae sp. PD23	Acetate	0.02798262374687954	Production	0.000667405022376205
H2S	Tepidimicrobiaceae sp. PD23	-0.006707131464666167	Consumption	0.0001599697464307596
Tepidimicrobiaceae sp. PD23	Hydrogen	0.041511500139012385	Production	0.0009900781259740484
Tepidimicrobiaceae sp. PD23	Propionate	0.06243289525893622	Production	0.0014890679385255348
Tepidimicrobiaceae sp. PD23	Ammonium	0.00997836423705182	Production	0.00023799092133560692
L-Cysteine	Peptococcales sp. PD24	-0.16055519814396702	Consumption	0.0038293530506352063
Carbon monoxide	Peptococcales sp. PD24	-0.11888600482933502	Consumption	0.002835513832836639
Peptococcales sp. PD24	Pyrophosphate	0.06650693921388534	Production	0.0015862367180334846
Peptococcales sp. PD24	L-Alanine	0.4608633957483952	Production	0.010991912257196087
Peptococcales sp. PD24	Ethanol	0.15090990362828827	Production	0.003599306073615065
Peptococcales sp. PD24	CO2	0.7176936276061444	Production	0.017117491766480725
Acetate	Peptococcales sp. PD24	-0.2458062215045639	Consumption	0.005862649201426584
Peptococcales sp. PD24	H2S	0.15777220463834	Production	0.003762976721535511
Peptococcales sp. PD24	Hydrogen	0.5633865549845908	Production	0.013437160851575756
Propionate	Peptococcales sp. PD24	-0.07696671823325674	Consumption	0.001835709716477821
Peptococcales sp. PD24	Ammonium	0.2609744519996455	Production	0.006224422039618937
L-Cysteine	Moorellia sp. PD25	-0.020612200575657342	Consumption	0.000491615307801631
Carbon monoxide	Moorellia sp. PD25	-0.015074587209415811	Consumption	0.0003595393807535343
Moorellia sp. PD25	Pyrophosphate	0.010133926939893902	Production	0.00024170119990384875
Moorellia sp. PD25	L-Alanine	0.12010151000972007	Production	0.0028645044760819403
Ethanol	Moorellia sp. PD25	-0.010915315735788052	Consumption	0.0002603378656977919
Moorellia sp. PD25	CO2	0.10503981500668495	Production	0.0025052725834097886
Acetate	Moorellia sp. PD25	-0.024199776489376712	Consumption	0.0005771814864641739
Moorellia sp. PD25	H2S	0.02360904568860396	Production	0.0005630921463481665
Moorellia sp. PD25	Hydrogen	0.18289921109871687	Production	0.004362273287169567
Moorellia sp. PD25	Propionate	0.03742162523353371	Production	0.0008925317672945389
Ammonium	Moorellia sp. PD25	-0.026600476195522842	Consumption	0.0006344398427781589
L-Cysteine	Tepidimicrobiaceae sp. PD26	-0.014942387546408533	Consumption	0.0003563863269210702
Tepidimicrobiaceae sp. PD26	Pyrophosphate	0.010317284426072054	Production	0.00024607440337013275
Tepidimicrobiaceae sp. PD26	L-Alanine	0.07768806378376215	Production	0.0018529143091432865
Ethanol	Tepidimicrobiaceae sp. PD26	-0.002075159476776373	Consumption	4.9493995615281545e-05
Tepidimicrobiaceae sp. PD26	CO2	0.10778589554664929	Production	0.0025707685126264384
Acetate	Tepidimicrobiaceae sp. PD26	-0.019839946801329816	Consumption	0.0004731965186202682
Tepidimicrobiaceae sp. PD26	H2S	0.01466184399174071	Production	0.00034969516818362487
Tepidimicrobiaceae sp. PD26	Hydrogen	0.04735268012481451	Production	0.0011293943278567412
Tepidimicrobiaceae sp. PD26	Propionate	0.03383101198838934	Production	0.0008068931461667715
Ammonium	Tepidimicrobiaceae sp. PD26	-0.0029579502455108018	Consumption	7.054916892891374e-05
Tepidanaerobacteraceae sp. PD27	L-Cysteine	0.06722183099013761	Production	0.00160328738369808
Tepidanaerobacteraceae sp. PD27	Carbon monoxide	0.20222432432680285	Production	0.004823190667293783
Tepidanaerobacteraceae sp. PD27	Pyrophosphate	0.07704861271545801	Production	0.0018376629567893956
Tepidanaerobacteraceae sp. PD27	L-Alanine	0.05827764940145247	Production	0.0013899624372123553
Tepidanaerobacteraceae sp. PD27	Ethanol	0.038007306888130844	Production	0.0009065006817654458
Tepidanaerobacteraceae sp. PD27	CO2	0.11225836684115913	Production	0.0026774400610627114
Acetate	Tepidanaerobacteraceae sp. PD27	-0.15597204559127473	Consumption	0.0037200416772753637
H2S	Tepidanaerobacteraceae sp. PD27	-0.06670295479063577	Consumption	0.0015909118257564263
Tepidanaerobacteraceae sp. PD27	Hydrogen	0.6844805171809732	Production	0.01632533600199611
Propionate	Tepidanaerobacteraceae sp. PD27	-0.001970960340876742	Consumption	4.700877381278958e-05
Tepidanaerobacteraceae sp. PD27	Ammonium	0.06097686963676452	Production	0.0014543407155983353
L-Cysteine	P. thermosuccinogenes PD28	-0.0018610595683729721	Consumption	4.438756401504071e-05
Carbon monoxide	P. thermosuccinogenes PD28	-0.060525217541357534	Consumption	0.0014435684992555068
P. thermosuccinogenes PD28	Pyrophosphate	0.059388963809094364	Production	0.0014164680581222582
P. thermosuccinogenes PD28	L-Alanine	0.36942794519174393	Production	0.008811113220024125
Ethanol	P. thermosuccinogenes PD28	-0.06961501521082415	Consumption	0.0016603664904611046
P. thermosuccinogenes PD28	CO2	0.27009258238999484	Production	0.006441895785906895
Acetate	P. thermosuccinogenes PD28	-0.11464552178408355	Consumption	0.002734375365361173
P. thermosuccinogenes PD28	H2S	0.0057676930548510585	Production	0.00013756348751110998
P. thermosuccinogenes PD28	Hydrogen	0.6834585629089774	Production	0.01630096168242056
P. thermosuccinogenes PD28	Propionate	0.00839555646429789	Production	0.00020023985601208202
Ammonium	P. thermosuccinogenes PD28	-0.1444274225406254	Consumption	0.0034446943947925093
M. thermoacetica PD30	CO2	1.6449489322569713e-06	Production	3.9233175161535884e-08
M. thermoacetica PD30	Acetate	3.0328771178740665e-06	Production	7.233622690383864e-08
M. thermoacetica PD30	Hydrogen	1.2125257831542249e-06	Production	2.8919582550868317e-08
M. thermoacetica PD30	Ammonium	1.8541094932596833e-06	Production	4.422179989376105e-08
L-Cysteine	Firmicutes sp. PD31	-0.01612349688217921	Consumption	0.00038455660536955476
Carbon monoxide	Firmicutes sp. PD31	-0.01564178899871716	Consumption	0.00037306753759489214
Firmicutes sp. PD31	Pyrophosphate	0.00419798436289629	Production	0.000100124844367612
Firmicutes sp. PD31	L-Alanine	0.006429245396584216	Production	0.00015334197059515905
Firmicutes sp. PD31	Ethanol	0.00022859378368248512	Production	5.452120597900813e-06
Firmicutes sp. PD31	CO2	0.08552548656251609	Production	0.0020398422888903375
Acetate	Firmicutes sp. PD31	-0.01550078040476841	Consumption	0.0003697043846378683
Firmicutes sp. PD31	H2S	0.013045529244746638	Production	0.00031114493823941304
Firmicutes sp. PD31	Hydrogen	0.12368112635747593	Production	0.0029498808135648984
Firmicutes sp. PD31	Propionate	0.003655886777634475	Production	8.719544023830499e-05
Ammonium	Firmicutes sp. PD31	-0.014174888942046097	Consumption	0.0003380809518478933
L-Cysteine	Tepidanaerobacteraceae sp. PD32	-0.09809071809934237	Consumption	0.002339531793021733
Tepidanaerobacteraceae sp. PD32	Carbon monoxide	0.18290975322541456	Production	0.0043625247242173645
Tepidanaerobacteraceae sp. PD32	Pyrophosphate	0.050857351490608854	Production	0.0012129831754382715
Tepidanaerobacteraceae sp. PD32	L-Alanine	0.5314057303661928	Production	0.012674395959937189
Ethanol	Tepidanaerobacteraceae sp. PD32	-0.06140287343799036	Consumption	0.0014645012023011303
Tepidanaerobacteraceae sp. PD32	CO2	0.1719500287071222	Production	0.004101127678195773
Acetate	Tepidanaerobacteraceae sp. PD32	-0.11516221021175437	Consumption	0.002746698743424305
Tepidanaerobacteraceae sp. PD32	H2S	0.10019284192472326	Production	0.0023896689070896137
Tepidanaerobacteraceae sp. PD32	Hydrogen	0.38047605300829673	Production	0.009074618269129586
Tepidanaerobacteraceae sp. PD32	Propionate	0.030050553008944447	Production	0.0007167265723461124
Ammonium	Tepidanaerobacteraceae sp. PD32	-0.12519354842728378	Consumption	0.002985953130959901
L-Cysteine	Tepidanaerobacteraceae sp. PD1	-0.0012019366432333457	Consumption	2.8667024205026027e-05
Carbon monoxide	Tepidanaerobacteraceae sp. PD1	-0.1246515234563033	Consumption	0.0029730254587316657
Tepidanaerobacteraceae sp. PD1	L-Alanine	0.7614721910159178	Production	0.018161640926916627
Ethanol	Tepidanaerobacteraceae sp. PD1	-0.11568672959932039	Consumption	0.00275920889532292
Tepidanaerobacteraceae sp. PD1	CO2	0.5512018438229281	Production	0.013146547022827696
Tepidanaerobacteraceae sp. PD1	Acetate	0.0028101139640424946	Production	6.702317087977178e-05
Tepidanaerobacteraceae sp. PD1	Hydrogen	0.6735741966196467	Production	0.016065212677460257
Tepidanaerobacteraceae sp. PD1	Propionate	0.13983389073865576	Production	0.0033351354691245317
Ammonium	Tepidanaerobacteraceae sp. PD1	-0.13460947019332206	Consumption	0.0032105294085027158
L-Cysteine	Tepidanaerobacteraceae sp. PD3	-0.04869823778863011	Consumption	0.0011614868132094585
Tepidanaerobacteraceae sp. PD3	Carbon monoxide	0.17598092708525356	Production	0.004197267405713389
Tepidanaerobacteraceae sp. PD3	L-Alanine	0.5873475446624222	Production	0.014008647106644045
Ethanol	Tepidanaerobacteraceae sp. PD3	-0.10943814160493484	Consumption	0.0026101757293147602
Tepidanaerobacteraceae sp. PD3	CO2	0.290105144980084	Production	0.0069192093110452615
Acetate	Tepidanaerobacteraceae sp. PD3	-0.14572592440993148	Consumption	0.0034756645667456095
Tepidanaerobacteraceae sp. PD3	Hydrogen	0.8348129686554454	Production	0.01991086944045284
Tepidanaerobacteraceae sp. PD3	Propionate	0.05103882193919894	Production	0.0012173113717467178
Ammonium	Tepidanaerobacteraceae sp. PD3	-0.15748296235191214	Consumption	0.0037560780920005642
L-Cysteine	M. thermautotrophicus PD4	-0.010099141148345507	Consumption	0.00024087153460166923
Carbon monoxide	M. thermautotrophicus PD4	-0.018595709549864513	Consumption	0.00044352059551287516
L-Alanine	M. thermautotrophicus PD4	-4.365198742674122	Consumption	0.10411302352789148
M. thermautotrophicus PD4	Ethanol	0.8683075637204674	Production	0.020709738809210503
CO2	M. thermautotrophicus PD4	-14.960234269547676	Consumption	0.35681198367019296
Acetate	M. thermautotrophicus PD4	-1.6776578237417807	Consumption	0.04001330495389513
Hydrogen	M. thermautotrophicus PD4	-41.927499507347434	Consumption	1.0
M. thermautotrophicus PD4	Methane	3.7749770127745763	Production	0.09003582510597953
Propionate	M. thermautotrophicus PD4	-0.715690423550257	Consumption	0.017069713957657752
Ammonium	M. thermautotrophicus PD4	-5.015636331819984	Consumption	0.11962641203873932
L-Cysteine	Moorellia sp. PD5	-0.14622994231522973	Consumption	0.003487685744045008
Moorellia sp. PD5	Butyrate	0.031962112330898705	Production	0.000762318590577948
Carbon monoxide	Moorellia sp. PD5	-0.01667691875468591	Consumption	0.00039775610161925883
Moorellia sp. PD5	L-Alanine	0.9747495378019083	Production	0.023248453860958054
Ethanol	Moorellia sp. PD5	-0.34392330476444366	Consumption	0.00820280982184912
Moorellia sp. PD5	CO2	0.7365417962456539	Production	0.017567033686723466
Acetate	Moorellia sp. PD5	-0.36068554350842374	Consumption	0.008602600864504612
Moorellia sp. PD5	Hydrogen	1.9426869921390386	Production	0.0463344347973482
Moorellia sp. PD5	Propionate	0.9746991152837142	Production	0.023247251248858916
Ammonium	Moorellia sp. PD5	-0.24974907367407073	Consumption	0.0059566889656824
L-Cysteine	G. thermodenitrificans  PD6	-0.03529872192647014	Consumption	0.000841899048148205
G. thermodenitrificans  PD6	Butyrate	0.02868638477774276	Production	0.0006841902120281635
G. thermodenitrificans  PD6	Carbon monoxide	0.0006709363656465915	Production	1.600229857564045e-05
G. thermodenitrificans  PD6	L-Alanine	0.06735906588957119	Production	0.0016065605314184571
Ethanol	G. thermodenitrificans  PD6	-0.030173251130336136	Consumption	0.000719653007808122
G. thermodenitrificans  PD6	CO2	0.2790337564161385	Production	0.006655148999935954
G. thermodenitrificans  PD6	Acetate	0.038832795816253006	Production	0.0009261891663596083
G. thermodenitrificans  PD6	Hydrogen	0.3924176453307101	Production	0.009359433544610555
G. thermodenitrificans  PD6	Propionate	0.2679197106618804	Production	0.006390071285193857
G. thermodenitrificans  PD6	Ammonium	0.17759808595087342	Production	0.004235837768473431
L-Cysteine	Firmicutes sp. PD7	-0.002696496498149745	Consumption	6.431331536184759e-05
Firmicutes sp. PD7	Butyrate	0.00248753543611736	Production	5.9329448818702886e-05
Firmicutes sp. PD7	L-Alanine	0.005920303655812424	Production	0.0001412033563979875
Firmicutes sp. PD7	Ethanol	0.014214304735562044	Production	0.00033902104591453417
CO2	Firmicutes sp. PD7	-0.5495115438894185	Consumption	0.013106232194770435
Firmicutes sp. PD7	Acetate	0.33274518122742636	Production	0.00793620380745853
Firmicutes sp. PD7	Hydrogen	0.1888107221183098	Production	0.004503266933083437
Firmicutes sp. PD7	Propionate	0.024939965688837218	Production	0.0005948355132522679
Ammonium	Firmicutes sp. PD7	-0.4176520937003121	Consumption	0.009961292674444422
L-Cysteine	Bacteria sp. PD9	-0.012009149132516756	Consumption	0.0002864265523493061
Bacteria sp. PD9	Butyrate	0.0008947210190982109	Production	2.1339718075517925e-05
Carbon monoxide	Bacteria sp. PD9	-0.008888290795826185	Consumption	0.00021199191223575324
L-Alanine	Bacteria sp. PD9	-0.005641736622127939	Consumption	0.0001345593390595419
Ethanol	Bacteria sp. PD9	-0.013829878543999866	Consumption	0.0003298522140958179
Bacteria sp. PD9	CO2	0.13758168112240232	Production	0.0032814187046449625
Bacteria sp. PD9	Acetate	0.03804952716742922	Production	0.0009075076647669239
Hydrogen	Bacteria sp. PD9	-0.007501088290920676	Consumption	0.0001789061684827204
Bacteria sp. PD9	Propionate	0.1409835241761766	Production	0.0033625550255261573
Bacteria sp. PD9	Ammonium	0.0773518553094356	Production	0.0018448955033886615
Bacilli sp. PD10	L-Cysteine	0.0037078279098918237	Production	8.843427233818365e-05
L-Alanine	Bacilli sp. PD10	-0.0006571988666592419	Consumption	1.5674649678168226e-05
Bacilli sp. PD10	Ethanol	0.01764749699296202	Production	0.0004209050670877582
Bacilli sp. PD10	CO2	0.05626020680474968	Production	0.0013418450292961201
Bacilli sp. PD10	Acetate	0.04044385687049442	Production	0.0009646140920807114
Bacilli sp. PD10	Hydrogen	0.008005013255320402	Production	0.0001909251290771011
Bacilli sp. PD10	Ammonium	0.006077069221065405	Production	0.00014494232407063652
Carbobacillus sp. PD11	L-Cysteine	0.005489618607181867	Production	0.00013093121869144281
Carbobacillus sp. PD11	Butyrate	0.017899637483274403	Production	0.0004269187930021356
Carbobacillus sp. PD11	Carbon monoxide	0.0004756927074086332	Production	1.134560164565197e-05
L-Alanine	Carbobacillus sp. PD11	-0.0897594836371389	Consumption	0.002140826061459003
Carbobacillus sp. PD11	Ethanol	0.4633322793895279	Production	0.011050796847742683
Carbobacillus sp. PD11	CO2	0.7615919172949013	Production	0.01816449648187197
Carbobacillus sp. PD11	Acetate	0.26643707914060305	Production	0.006354709493083703
Carbobacillus sp. PD11	Hydrogen	0.9419583500982445	Production	0.02246636124658887
Carbobacillus sp. PD11	Propionate	0.11397686305492202	Production	0.0027184273899985034
Carbobacillus sp. PD11	Ammonium	0.5913228992973045	Production	0.01410346207728606
L-Cysteine	Tissierellaceae sp. PD12	-0.15182832456917222	Consumption	0.003621211051295001
Tissierellaceae sp. PD12	Butyrate	0.008538013361238238	Production	0.00020363755200192713
Tissierellaceae sp. PD12	L-Alanine	0.019462747782528392	Production	0.00046420005989428756
Ethanol	Tissierellaceae sp. PD12	-0.03722590980384065	Consumption	0.0008878638182874971
CO2	Tissierellaceae sp. PD12	-0.02349292292001492	Consumption	0.0005603225376199215
Tissierellaceae sp. PD12	Acetate	0.39823052376480483	Production	0.009498074734817381
Tissierellaceae sp. PD12	Hydrogen	0.4959510857803311	Production	0.011828778048006892
Propionate	Tissierellaceae sp. PD12	-0.19927968957016326	Consumption	0.004752959082027804
Ammonium	Tissierellaceae sp. PD12	-0.13736544537743195	Consumption	0.003276261331858339
L-Cysteine	C. subterraneus PD13	-0.11054435263193421	Consumption	0.002636559631049838
C. subterraneus PD13	Butyrate	0.006456464870563356	Production	0.0001539911739652377
C. subterraneus PD13	Carbon monoxide	0.0006188013271651472	Production	1.4758841677565521e-05
L-Alanine	C. subterraneus PD13	-1.5830268942993921	Consumption	0.03775629152465866
Ethanol	C. subterraneus PD13	-0.1730689666024656	Consumption	0.00412781512458516
CO2	C. subterraneus PD13	-0.23425904684271048	Consumption	0.005587241061243316
C. subterraneus PD13	Acetate	1.0557286454427082	Production	0.02517986185314249
Hydrogen	C. subterraneus PD13	-0.6235046416191664	Consumption	0.01487101899577633
Propionate	C. subterraneus PD13	-0.38860188612623825	Consumption	0.009268425035891757
C. subterraneus PD13	Ammonium	1.0158285122255832	Production	0.02422821594804546
L-Cysteine	Limnochordia sp. PD14	-0.024364915654097607	Consumption	0.0005811201703032127
Limnochordia sp. PD14	Butyrate	0.0030090338438179777	Production	7.176754824815322e-05
L-Alanine	Limnochordia sp. PD14	-0.7341675402755172	Consumption	0.017510406031889896
Ethanol	Limnochordia sp. PD14	-0.5857433916210995	Consumption	0.013970386941831649
CO2	Limnochordia sp. PD14	-1.0659700234688523	Consumption	0.025424125836124575
Limnochordia sp. PD14	Acetate	0.5568557245164509	Production	0.013281396006429306
Hydrogen	Limnochordia sp. PD14	-0.35229216640397365	Consumption	0.008402412987739407
Limnochordia sp. PD14	Propionate	0.006636497413837481	Production	0.00015828507523265228
Limnochordia sp. PD14	Ammonium	2.8967331642473706	Production	0.06908909899908873
Symbiobacterium sp. PD15	L-Cysteine	0.06373784664803551	Production	0.0015201919360076793
Butyrate	Symbiobacterium sp. PD15	-0.0031349757446158958	Consumption	7.477135010320656e-05
L-Alanine	Symbiobacterium sp. PD15	-0.1164977876721919	Consumption	0.0027785531939908954
Ethanol	Symbiobacterium sp. PD15	-0.033991270883310234	Consumption	0.0008107154321796261
Symbiobacterium sp. PD15	CO2	0.5149628219818385	Production	0.012282221168271571
Symbiobacterium sp. PD15	Acetate	0.626729321486434	Production	0.01494792985154302
Symbiobacterium sp. PD15	Hydrogen	0.6965598712131922	Production	0.016613436989990925
Propionate	Symbiobacterium sp. PD15	-0.6262490159136201	Consumption	0.014936474229851827
Ammonium	Symbiobacterium sp. PD15	-0.402861909542854	Consumption	0.009608536504120784
L-Cysteine	S. terraclitae  PD18	-0.0006280724788212847	Consumption	1.497996508738186e-05
S. terraclitae  PD18	Butyrate	0.0570011984394735	Production	0.0013595181947228818
S. terraclitae  PD18	L-Alanine	0.0031555779565057107	Production	7.52627271739094e-05
Ethanol	S. terraclitae  PD18	-0.009938560190619703	Consumption	0.00023704156716710607
S. terraclitae  PD18	CO2	0.14023725645128238	Production	0.003344756021682309
S. terraclitae  PD18	Acetate	0.009476431873113223	Production	0.00022601948564694537
Hydrogen	S. terraclitae  PD18	-0.008322647280126483	Consumption	0.0001985009213026885
S. terraclitae  PD18	Propionate	0.028392982501081347	Production	0.0006771923638352371
S. terraclitae  PD18	Ammonium	0.07777555252230284	Production	0.0018550009763561822
L-Cysteine	T. xylanilyticum PD19	-0.013718781655065734	Consumption	0.00032720247608998565
T. xylanilyticum PD19	Butyrate	0.012123372233181383	Production	0.0002891508526774144
T. xylanilyticum PD19	L-Alanine	0.3587213824650237	Production	0.00855575425866169
T. xylanilyticum PD19	Ethanol	0.062059736338831765	Production	0.0014801678389610698
T. xylanilyticum PD19	CO2	0.5098768361735686	Production	0.012160916872331418
Acetate	T. xylanilyticum PD19	-0.06656410607864972	Consumption	0.0015876001874851834
T. xylanilyticum PD19	Hydrogen	0.42350358422487255	Production	0.010100854789841622
T. xylanilyticum PD19	Propionate	0.22004539915028964	Production	0.005248235686264299
Ammonium	T. xylanilyticum PD19	-0.007171109586600473	Consumption	0.0001710359470720117
L-Cysteine	Limnochordia sp. PD22	-0.01602664238907062	Consumption	0.0003822465584016545
Limnochordia sp. PD22	Butyrate	0.0064333323722337915	Production	0.00015343944780457048
Limnochordia sp. PD22	L-Alanine	0.36342454672744184	Production	0.008667927994698439
Ethanol	Limnochordia sp. PD22	-0.012890097507778565	Consumption	0.00030743778329827865
Limnochordia sp. PD22	CO2	0.18615072234270152	Production	0.004439824089916934
Acetate	Limnochordia sp. PD22	-0.035996807024290665	Consumption	0.0008585488628527092
Limnochordia sp. PD22	Hydrogen	0.334307255792142	Production	0.007973460371362177
Limnochordia sp. PD22	Propionate	0.008300187642539005	Production	0.00019796524333831234
Ammonium	Limnochordia sp. PD22	-0.06390970988886148	Consumption	0.0015242909937345978
Tepidimicrobiaceae sp. PD23	L-Cysteine	0.02695725501846162	Production	0.0006429492656421734
L-Alanine	Tepidimicrobiaceae sp. PD23	-0.05141478589389619	Consumption	0.0012262783733355286
Ethanol	Tepidimicrobiaceae sp. PD23	-0.0028973197340497296	Consumption	6.910308909650095e-05
Tepidimicrobiaceae sp. PD23	CO2	0.180725898452332	Production	0.00431043827024937
Tepidimicrobiaceae sp. PD23	Acetate	0.013132753348418952	Production	0.000313225293726795
Tepidimicrobiaceae sp. PD23	Hydrogen	0.1318844162241877	Production	0.0031455349776123923
Tepidimicrobiaceae sp. PD23	Propionate	0.22475790033679874	Production	0.005360632114429143
Tepidimicrobiaceae sp. PD23	Ammonium	0.022928327849256983	Production	0.0005468565528273154
Peptococcales sp. PD24	L-Cysteine	0.06976266469101332	Production	0.001663888033169925
Peptococcales sp. PD24	Butyrate	0.011458296731273056	Production	0.00027328833977483175
Peptococcales sp. PD24	Carbon monoxide	0.01829885885212052	Production	0.00043644050008071205
Peptococcales sp. PD24	L-Alanine	0.5971344801858274	Production	0.01424207232012929
Peptococcales sp. PD24	Ethanol	0.4226558636786903	Production	0.010080636065707268
Peptococcales sp. PD24	CO2	0.9022640270329854	Production	0.02151962405663785
Acetate	Peptococcales sp. PD24	-0.5346611094840058	Consumption	0.012752039014163271
Peptococcales sp. PD24	Hydrogen	1.2055757497354251	Production	0.0287538194240312
Propionate	Peptococcales sp. PD24	-0.31439397058250795	Consumption	0.007498514680738666
Peptococcales sp. PD24	Ammonium	1.0571418672063548	Production	0.025213568174298106
L-Cysteine	Moorellia sp. PD25	-0.03605410905992452	Consumption	0.0008599155562235793
Carbon monoxide	Moorellia sp. PD25	-0.12744983411902	Consumption	0.003039767112672329
Moorellia sp. PD25	L-Alanine	0.59666577694623	Production	0.01423089342214814
Ethanol	Moorellia sp. PD25	-0.06841451878492008	Consumption	0.0016317338164402344
Moorellia sp. PD25	CO2	0.5571856544297229	Production	0.013289265064139608
Acetate	Moorellia sp. PD25	-0.17135852240414934	Consumption	0.0040870198418133715
Moorellia sp. PD25	Hydrogen	0.7961800930253415	Production	0.018989448509463765
Moorellia sp. PD25	Propionate	0.11166476832742367	Production	0.002663282323999679
Ammonium	Moorellia sp. PD25	-0.16505639999547403	Consumption	0.003936709842821638
L-Cysteine	Tepidimicrobiaceae sp. PD26	-0.017759838214811266	Consumption	0.00042358448329834233
Tepidimicrobiaceae sp. PD26	Butyrate	0.0125117699001434	Production	0.0002984144069443211
Tepidimicrobiaceae sp. PD26	L-Alanine	0.11464744768943454	Production	0.002734421299542167
Tepidimicrobiaceae sp. PD26	Ethanol	0.0012306740500608515	Production	2.935243132839788e-05
Tepidimicrobiaceae sp. PD26	CO2	0.2028028936450942	Production	0.00483698994760121
Acetate	Tepidimicrobiaceae sp. PD26	-0.014619431969200822	Consumption	0.00034868361197258835
Tepidimicrobiaceae sp. PD26	Hydrogen	0.11189040095185349	Production	0.0026686638188916003
Tepidimicrobiaceae sp. PD26	Propionate	0.06968728715602303	Production	0.0016620902265781657
Ammonium	Tepidimicrobiaceae sp. PD26	-0.013336935024039404	Consumption	0.0003180951685826678
Tepidanaerobacteraceae sp. PD27	L-Cysteine	0.16803471647941778	Production	0.004007744760690323
Tepidanaerobacteraceae sp. PD27	Butyrate	0.0031683104210338325	Production	7.55664053010987e-05
Tepidanaerobacteraceae sp. PD27	Carbon monoxide	0.6239399058072541	Production	0.014881400349141117
Tepidanaerobacteraceae sp. PD27	L-Alanine	0.11021469219936486	Production	0.002628697000641564
Tepidanaerobacteraceae sp. PD27	Ethanol	0.09385763222179717	Production	0.0022385697531365884
Tepidanaerobacteraceae sp. PD27	CO2	0.10258694270637073	Production	0.0024467698744685034
Acetate	Tepidanaerobacteraceae sp. PD27	-0.29938364765761527	Consumption	0.007140508047830299
Tepidanaerobacteraceae sp. PD27	Hydrogen	1.999238778530056	Production	0.047683234202404716
Propionate	Tepidanaerobacteraceae sp. PD27	-0.17750784699324215	Consumption	0.00423368550662401
Tepidanaerobacteraceae sp. PD27	Ammonium	0.29809778017144817	Production	0.007109839214695097
L-Cysteine	P. thermosuccinogenes PD28	-0.003458658192753842	Consumption	8.24914014285002e-05
Carbon monoxide	P. thermosuccinogenes PD28	-0.3697242791159182	Consumption	0.008818180990047527
P. thermosuccinogenes PD28	L-Alanine	1.515342127634448	Production	0.03614196280340776
Ethanol	P. thermosuccinogenes PD28	-0.21678602393539356	Consumption	0.005170497322345771
P. thermosuccinogenes PD28	CO2	0.9477988024585141	Production	0.022605660094096966
Acetate	P. thermosuccinogenes PD28	-0.546420481379964	Consumption	0.013032508205842529
P. thermosuccinogenes PD28	Hydrogen	2.699084846293249	Production	0.0643750492637954
P. thermosuccinogenes PD28	Propionate	0.013309799899419635	Production	0.0003174479770034272
Ammonium	P. thermosuccinogenes PD28	-0.5624573152653698	Consumption	0.013414997838514171
L-Cysteine	Peptococcales sp. PD29	-0.0033393481809056804	Consumption	7.964577473360862e-05
Peptococcales sp. PD29	Butyrate	0.032051156926649865	Production	0.0007644423660665282
Peptococcales sp. PD29	Carbon monoxide	0.002404390219235651	Production	5.734637761582473e-05
Peptococcales sp. PD29	L-Alanine	0.01378860735372086	Production	0.00032886786752700395
Ethanol	Peptococcales sp. PD29	-0.006558232253840018	Consumption	0.00015641839677776978
Peptococcales sp. PD29	CO2	0.08151490309746567	Production	0.0019441870861671797
Peptococcales sp. PD29	Acetate	0.021718089437489544	Production	0.0005179915256735888
Peptococcales sp. PD29	Hydrogen	0.008844238036763227	Production	0.00021094122331844165
Peptococcales sp. PD29	Propionate	0.015660835645264968	Production	0.00037352181335117637
Peptococcales sp. PD29	Ammonium	0.015081234162806873	Production	0.00035969791521108993
L-Cysteine	M. thermoacetica PD30	-0.006130225331676001	Consumption	0.00014621013424856715
M. thermoacetica PD30	Carbon monoxide	0.0017897077796686295	Production	4.268577426982018e-05
M. thermoacetica PD30	L-Alanine	0.03366938375416507	Production	0.0008030382004599343
Ethanol	M. thermoacetica PD30	-0.006338176282681806	Consumption	0.0001511699089417697
M. thermoacetica PD30	CO2	0.10607583482613941	Production	0.002529982376066823
M. thermoacetica PD30	Acetate	0.04074997323242681	Production	0.0009719151800427719
M. thermoacetica PD30	Hydrogen	0.11165599458290021	Production	0.002663073064095641
M. thermoacetica PD30	Propionate	0.0314741855065511	Production	0.0007506811967414256
M. thermoacetica PD30	Ammonium	0.02083975757152154	Production	0.0004970427002895689
L-Cysteine	Firmicutes sp. PD31	-0.02965903523239287	Consumption	0.0007073886012972316
Firmicutes sp. PD31	Butyrate	0.011905158391082183	Production	0.0002839463008996257
Carbon monoxide	Firmicutes sp. PD31	-0.029426462455211546	Consumption	0.0007018415789392546
Firmicutes sp. PD31	L-Alanine	0.004888699345214099	Production	0.00011659887669564927
Ethanol	Firmicutes sp. PD31	-0.004297323696756164	Consumption	0.0001024941565142251
Firmicutes sp. PD31	CO2	0.1532636818477116	Production	0.0036554453198634814
Acetate	Firmicutes sp. PD31	-0.027089601958632168	Consumption	0.0006461058321373291
Firmicutes sp. PD31	Hydrogen	0.2263884982361734	Production	0.005399523007483448
Propionate	Firmicutes sp. PD31	-0.0016229767903335125	Consumption	3.87091243075228e-05
Ammonium	Firmicutes sp. PD31	-0.027185030223659656	Consumption	0.0006483818625743639
L-Cysteine	Tepidanaerobacteraceae sp. PD32	-0.16628970962545814	Consumption	0.003966125134562754
Tepidanaerobacteraceae sp. PD32	Carbon monoxide	0.36507911769380547	Production	0.008707390662060076
Tepidanaerobacteraceae sp. PD32	L-Alanine	0.9111675587708477	Production	0.021731979475932577
Ethanol	Tepidanaerobacteraceae sp. PD32	-0.11755271584426719	Consumption	0.0028037139639979503
Tepidanaerobacteraceae sp. PD32	CO2	0.34225582153589285	Production	0.008163039188061178
Acetate	Tepidanaerobacteraceae sp. PD32	-0.23020426771006158	Consumption	0.005490531761134962
Tepidanaerobacteraceae sp. PD32	Hydrogen	0.9257874649735567	Production	0.022080674398703894
Propionate	Tepidanaerobacteraceae sp. PD32	-0.013635783765642676	Consumption	0.00032522291874937883
Ammonium	Tepidanaerobacteraceae sp. PD32	-0.26706469126643373	Consumption	0.006369678478432346
